-- phpMyAdmin SQL Dump
-- version 4.7.3
-- https://www.phpmyadmin.net/
--
-- Host: localhost:8889
-- Generation Time: Dec 15, 2017 at 11:46 AM
-- Server version: 5.6.35
-- PHP Version: 7.1.8

SET SQL_MODE = "NO_AUTO_VALUE_ON_ZERO";
SET time_zone = "+00:00";


/*!40101 SET @OLD_CHARACTER_SET_CLIENT=@@CHARACTER_SET_CLIENT */;
/*!40101 SET @OLD_CHARACTER_SET_RESULTS=@@CHARACTER_SET_RESULTS */;
/*!40101 SET @OLD_COLLATION_CONNECTION=@@COLLATION_CONNECTION */;
/*!40101 SET NAMES utf8mb4 */;

--
-- Database: `dev`
--

-- --------------------------------------------------------

--
-- Table structure for table `address`
--

CREATE TABLE `address` (
  `address_id` int(11) NOT NULL,
  `profile_id` int(11) NOT NULL,
  `address_type` varchar(20) NOT NULL,
  `address_street` varchar(50) NOT NULL,
  `address_district` varchar(50) NOT NULL,
  `address_city` varchar(50) NOT NULL,
  `address_state` varchar(50) NOT NULL,
  `address_zipcode` varchar(10) NOT NULL,
  `created_date` date NOT NULL,
  `updated_date` date NOT NULL
) ENGINE=InnoDB DEFAULT CHARSET=utf8;

--
-- Dumping data for table `address`
--

INSERT INTO `address` (`address_id`, `profile_id`, `address_type`, `address_street`, `address_district`, `address_city`, `address_state`, `address_zipcode`, `created_date`, `updated_date`) VALUES
(1, 1, 'shop', 'Forest', 'Mayfield', 'New Brunswick', 'New Jersey', '08922', '2017-07-27', '2016-12-12'),
(2, 2, 'shop', 'Monument', 'Oneill', 'Arlington', 'Texas', '76096', '2017-06-26', '2016-12-13'),
(3, 3, 'shop', 'Welch', 'Bluejay', 'Miami', 'Florida', '33153', '2016-11-29', '2017-03-20'),
(4, 4, 'shop', 'Nancy', 'Maryland', 'Tyler', 'Texas', '75799', '2017-03-11', '2017-10-26'),
(5, 5, 'shop', 'Elka', '4th', 'Evansville', 'Indiana', '47747', '2017-04-08', '2017-07-08'),
(6, 6, 'shipping', 'Lyons', 'Erie', 'Rochester', 'New York', '14683', '2017-01-08', '2017-04-30'),
(7, 7, 'shipping', 'Elka', 'Fulton', 'Philadelphia', 'Pennsylvania', '19184', '2017-11-12', '2017-05-06'),
(8, 8, 'shipping', 'Spohn', 'Rutledge', 'Anniston', 'Alabama', '36205', '2017-05-19', '2017-04-15'),
(9, 9, 'shipping', 'Monica', 'Express', 'Norman', 'Oklahoma', '73071', '2017-10-12', '2017-06-24'),
(10, 10, 'shipping', '1st', 'Melrose', 'Concord', 'California', '94522', '2017-04-16', '2017-08-02');

-- --------------------------------------------------------

--
-- Table structure for table `cart`
--

CREATE TABLE `cart` (
  `cart_id` int(10) UNSIGNED NOT NULL,
  `user_id` int(11) NOT NULL,
  `shop_id` int(11) NOT NULL,
  `menu_id` int(11) NOT NULL
) ENGINE=InnoDB DEFAULT CHARSET=utf8;

-- --------------------------------------------------------

--
-- Table structure for table `category`
--

CREATE TABLE `category` (
  `category_id` int(11) NOT NULL,
  `title` varchar(20) NOT NULL,
  `feature_pic` text
) ENGINE=InnoDB DEFAULT CHARSET=utf8;

--
-- Dumping data for table `category`
--

INSERT INTO `category` (`category_id`, `title`, `feature_pic`) VALUES
(1, 'Japanese', 'uploads/category/japanese-food.jpg'),
(2, 'Thai', 'uploads/category/thai-food.jpg'),
(3, 'Soup', 'uploads/category/soup-food.jpeg'),
(4, 'Breakfast', 'uploads/category/breakfast-food.jpg'),
(5, 'Lunch', 'uploads/category/lunch-food.jpg'),
(6, 'Dinner', 'uploads/category/dinner-food.jpg');

-- --------------------------------------------------------

--
-- Table structure for table `menu`
--

CREATE TABLE `menu` (
  `menu_id` int(11) NOT NULL,
  `shop_id` int(11) NOT NULL,
  `category_id` int(11) NOT NULL,
  `title` text NOT NULL,
  `price` int(11) NOT NULL,
  `pic` text NOT NULL,
  `description` text,
  `created_dated` date NOT NULL,
  `updated_dated` date NOT NULL
) ENGINE=InnoDB DEFAULT CHARSET=utf8;

--
-- Dumping data for table `menu`
--

INSERT INTO `menu` (`menu_id`, `shop_id`, `category_id`, `title`, `price`, `pic`, `description`, `created_dated`, `updated_dated`) VALUES
(1, 5, 5, 'Kinsley', 300, 'uploads/menu/phprpmSiv', 'Contrary to popular belief, Lorem Ipsum is not simply random text.', '2017-07-04', '2016-12-04'),
(2, 1, 5, 'Phaidra', 267, 'uploads/menu/phprpmSiv', 'Contrary to popular belief, Lorem Ipsum is not simply random text.', '2017-07-02', '2017-12-15'),
(3, 5, 1, 'Garrett', 434, 'uploads/menu/phprpmSiv', 'Contrary to popular belief, Lorem Ipsum is not simply random text.', '2017-08-04', '2017-05-06'),
(4, 4, 2, 'Odelle', 52, 'uploads/menu/phpIyKA5n', 'Contrary to popular belief, Lorem Ipsum is not simply random text.', '2017-02-23', '2017-07-17'),
(5, 1, 6, 'Jaime', 437, 'uploads/menu/phprpmSiv', 'Contrary to popular belief, Lorem Ipsum is not simply random text.', '2017-09-05', '2017-12-15'),
(6, 2, 3, 'Dana', 323, 'uploads/menu/phprpmSiv', 'Contrary to popular belief, Lorem Ipsum is not simply random text.', '2017-07-22', '2017-02-24'),
(7, 2, 2, 'Sancho', 180, 'uploads/menu/phpIyKA5n', 'Contrary to popular belief, Lorem Ipsum is not simply random text.', '2017-09-19', '2017-08-23'),
(8, 5, 6, 'Kimmie', 369, 'uploads/menu/phprpmSiv', 'Contrary to popular belief, Lorem Ipsum is not simply random text.', '2017-10-15', '2016-12-18'),
(9, 1, 3, 'Alfonse', 345, 'uploads/menu/phprpmSiv', 'Contrary to popular belief, Lorem Ipsum is not simply random text.', '2017-04-24', '2017-01-23'),
(10, 3, 2, 'Xaviera', 248, 'uploads/menu/phpIyKA5n', 'Contrary to popular belief, Lorem Ipsum is not simply random text.', '2017-06-28', '2016-12-11'),
(11, 1, 6, 'Dominique', 237, 'uploads/menu/phprpmSiv', 'Contrary to popular belief, Lorem Ipsum is not simply random text.', '2017-01-09', '2017-11-26'),
(12, 5, 3, 'Gardy', 485, 'uploads/menu/phprpmSiv', 'Contrary to popular belief, Lorem Ipsum is not simply random text.', '2016-12-17', '2017-03-05'),
(13, 3, 4, 'Kip', 318, 'uploads/menu/phprpmSiv', 'Contrary to popular belief, Lorem Ipsum is not simply random text.', '2017-09-14', '2017-01-31'),
(14, 5, 4, 'Hestia', 213, 'uploads/menu/phpIyKA5n', 'Contrary to popular belief, Lorem Ipsum is not simply random text.', '2017-08-26', '2017-10-14'),
(15, 1, 5, 'Ed', 476, 'uploads/menu/php3hYwVn', 'Contrary to popular belief, Lorem Ipsum is not simply random text.', '2017-02-04', '2017-01-14'),
(16, 1, 4, 'Nikola', 61, 'uploads/menu/phpIyKA5n', 'Contrary to popular belief, Lorem Ipsum is not simply random text.', '2017-03-19', '2017-11-26'),
(17, 5, 6, 'Hazel', 317, 'uploads/menu/php3hYwVn', 'Contrary to popular belief, Lorem Ipsum is not simply random text.', '2017-06-18', '2017-02-10'),
(18, 1, 5, 'Alexandro', 461, 'uploads/menu/php3hYwVn', 'Contrary to popular belief, Lorem Ipsum is not simply random text.', '2017-04-15', '2016-12-17'),
(19, 2, 3, 'Jaine', 257, 'uploads/menu/php3hYwVn', 'Contrary to popular belief, Lorem Ipsum is not simply random text.', '2017-04-19', '2017-02-28'),
(20, 3, 5, 'Keenan', 124, 'uploads/menu/php3hYwVn', 'Contrary to popular belief, Lorem Ipsum is not simply random text.', '2017-06-03', '2017-09-10'),
(21, 2, 5, 'Joya', 181, 'uploads/menu/php3hYwVn', 'Contrary to popular belief, Lorem Ipsum is not simply random text.', '2017-06-23', '2017-10-20'),
(22, 4, 5, 'Bruce', 339, 'uploads/menu/php3hYwVn', 'Contrary to popular belief, Lorem Ipsum is not simply random text.', '2017-05-29', '2017-06-08'),
(23, 4, 6, 'Luca', 33, 'uploads/menu/php3hYwVn', 'Contrary to popular belief, Lorem Ipsum is not simply random text.', '2017-09-20', '2016-12-25'),
(24, 5, 4, 'Lazare', 215, 'uploads/menu/php3hYwVn', 'Contrary to popular belief, Lorem Ipsum is not simply random text.', '2016-12-24', '2016-12-25'),
(25, 1, 4, 'Phillie', 262, 'uploads/menu/phpIyKA5n', 'Contrary to popular belief, Lorem Ipsum is not simply random text.', '2017-06-15', '2017-05-02'),
(26, 3, 6, 'Gaylor', 223, 'uploads/menu/php3hYwVn', 'Contrary to popular belief, Lorem Ipsum is not simply random text.', '2017-01-18', '2017-09-08'),
(27, 1, 3, 'Dayna', 87, 'uploads/menu/php3hYwVn', 'Contrary to popular belief, Lorem Ipsum is not simply random text.', '2017-09-12', '2017-05-05'),
(28, 3, 4, 'Vidovik', 491, 'uploads/menu/phpIyKA5n', 'Contrary to popular belief, Lorem Ipsum is not simply random text.', '2017-01-29', '2017-05-24'),
(29, 1, 5, 'Dulcy', 23, 'uploads/menu/php3hYwVn', 'Contrary to popular belief, Lorem Ipsum is not simply random text.', '2017-10-17', '2017-11-23'),
(30, 2, 5, 'Gare', 393, 'uploads/menu/php3hYwVn', 'Contrary to popular belief, Lorem Ipsum is not simply random text.', '2016-12-17', '2017-03-31'),
(31, 4, 2, 'Brigitte', 11, 'uploads/menu/php3hYwVn', 'Contrary to popular belief, Lorem Ipsum is not simply random text.', '2017-07-31', '2017-10-22'),
(32, 2, 3, 'Dietrich', 263, 'uploads/menu/php3hYwVn', 'Contrary to popular belief, Lorem Ipsum is not simply random text.', '2017-03-29', '2017-08-26'),
(33, 4, 2, 'Billy', 158, 'uploads/menu/php3hYwVn', 'Contrary to popular belief, Lorem Ipsum is not simply random text.', '2017-08-23', '2016-12-20'),
(34, 3, 5, 'Darius', 429, 'uploads/menu/php3hYwVn', 'Contrary to popular belief, Lorem Ipsum is not simply random text.', '2017-11-13', '2017-05-01'),
(35, 2, 5, 'Cristie', 119, 'uploads/menu/php3hYwVn', 'Contrary to popular belief, Lorem Ipsum is not simply random text.', '2017-09-02', '2017-04-19'),
(36, 4, 4, 'Chrotoem', 182, 'uploads/menu/php3hYwVn', 'Contrary to popular belief, Lorem Ipsum is not simply random text.', '2017-10-31', '2017-05-20'),
(37, 2, 3, 'Chas', 225, 'uploads/menu/php3hYwVn', 'Contrary to popular belief, Lorem Ipsum is not simply random text.', '2017-10-16', '2017-09-08'),
(38, 4, 6, 'Gilligan', 170, 'uploads/menu/php3hYwVn', 'Contrary to popular belief, Lorem Ipsum is not simply random text.', '2017-02-22', '2017-04-30'),
(39, 1, 5, 'Kalindi', 26, 'uploads/menu/php3hYwVn', 'Contrary to popular belief, Lorem Ipsum is not simply random text.', '2017-02-12', '2017-04-08'),
(40, 3, 1, 'Nariko', 7, 'uploads/menu/php3hYwVn', 'Contrary to popular belief, Lorem Ipsum is not simply random text.', '2017-10-03', '2017-03-19'),
(41, 3, 2, 'Gert', 85, 'uploads/menu/php3hYwVn', 'Contrary to popular belief, Lorem Ipsum is not simply random text.', '2017-09-27', '2017-07-02'),
(42, 5, 6, 'Marius', 418, 'uploads/menu/php3hYwVn', 'Contrary to popular belief, Lorem Ipsum is not simply random text.', '2017-07-07', '2017-10-22'),
(43, 2, 3, 'Derril', 26, 'uploads/menu/php3hYwVn', 'Contrary to popular belief, Lorem Ipsum is not simply random text.', '2017-10-04', '2017-06-10'),
(44, 5, 3, 'Avie', 353, 'uploads/menu/php3hYwVn', 'Contrary to popular belief, Lorem Ipsum is not simply random text.', '2017-01-20', '2017-05-03'),
(45, 5, 6, 'Selina', 4, 'uploads/menu/phpIyKA5n', 'Contrary to popular belief, Lorem Ipsum is not simply random text.', '2017-07-17', '2017-07-11'),
(46, 4, 6, 'Shane', 22, 'uploads/menu/phpIyKA5n', 'Contrary to popular belief, Lorem Ipsum is not simply random text.', '2017-03-29', '2017-11-12'),
(47, 4, 3, 'Etheline', 379, 'uploads/menu/php3hYwVn', 'Contrary to popular belief, Lorem Ipsum is not simply random text.', '2017-11-01', '2017-09-21'),
(48, 1, 1, 'Tyler', 118, 'uploads/menu/phpIyKA5n', 'Contrary to popular belief, Lorem Ipsum is not simply random text.', '2017-08-07', '2016-11-30'),
(49, 5, 2, 'Goldy', 482, 'uploads/menu/php3hYwVn', 'Contrary to popular belief, Lorem Ipsum is not simply random text.', '2017-08-22', '2017-01-19'),
(50, 2, 1, 'Louis', 322, 'uploads/menu/php3hYwVn', 'Contrary to popular belief, Lorem Ipsum is not simply random text.', '2017-07-10', '2017-05-23');

-- --------------------------------------------------------

--
-- Table structure for table `message`
--

CREATE TABLE `message` (
  `from_user` varchar(10) DEFAULT NULL,
  `message_id` int(11) NOT NULL,
  `user_id` int(11) NOT NULL,
  `shop_id` int(11) NOT NULL,
  `message` text NOT NULL,
  `created_date` timestamp NOT NULL DEFAULT CURRENT_TIMESTAMP ON UPDATE CURRENT_TIMESTAMP,
  `updated_date` timestamp NOT NULL DEFAULT CURRENT_TIMESTAMP ON UPDATE CURRENT_TIMESTAMP
) ENGINE=InnoDB DEFAULT CHARSET=utf8;

--
-- Dumping data for table `message`
--

INSERT INTO `message` (`from_user`, `message_id`, `user_id`, `shop_id`, `message`, `created_date`, `updated_date`) VALUES
('diner', 1, 10, 3, 'Curabitur gravida nisi at nibh. In hac habitasse platea dictumst. Aliquam augue quam, sollicitudin vitae, consectetuer eget, rutrum at, lorem.', '2017-12-02 15:40:24', '2017-12-02 15:40:24'),
('diner', 2, 10, 4, 'Aliquam quis turpis eget elit sodales scelerisque. Mauris sit amet eros. Suspendisse accumsan tortor quis turpis.', '2017-12-02 15:40:24', '2017-12-02 15:40:24'),
('diner', 3, 10, 2, 'Fusce consequat. Nulla nisl. Nunc nisl.', '2017-12-02 15:40:24', '2017-12-02 15:40:24'),
('diner', 4, 7, 4, 'Aliquam quis turpis eget elit sodales scelerisque. Mauris sit amet eros. Suspendisse accumsan tortor quis turpis.', '2016-12-29 17:00:00', '2017-01-05 17:00:00'),
('diner', 5, 7, 4, 'Praesent blandit. Nam nulla. Integer pede justo, lacinia eget, tincidunt eget, tempus vel, pede.', '2017-10-26 17:00:00', '2017-09-04 17:00:00'),
('diner', 6, 6, 3, 'In hac habitasse platea dictumst. Morbi vestibulum, velit id pretium iaculis, diam erat fermentum justo, nec condimentum neque sapien placerat ante. Nulla justo.', '2017-12-02 15:40:24', '2017-12-02 15:40:24'),
('owner', 7, 6, 1, 'In hac habitasse platea dictumst. Etiam faucibus cursus urna. Ut tellus.', '2017-03-08 17:00:00', '2017-09-05 17:00:00'),
('diner', 8, 10, 3, 'Morbi porttitor lorem id ligula. Suspendisse ornare consequat lectus. In est risus, auctor sed, tristique in, tempus sit amet, sem.', '2017-12-02 15:40:24', '2017-12-02 15:40:24'),
('diner', 9, 9, 4, 'Vestibulum quam sapien, varius ut, blandit non, interdum in, ante. Vestibulum ante ipsum primis in faucibus orci luctus et ultrices posuere cubilia Curae; Duis faucibus accumsan odio. Curabitur convallis.', '2017-12-02 15:40:24', '2017-12-02 15:40:24'),
('diner', 10, 10, 3, 'Maecenas leo odio, condimentum id, luctus nec, molestie sed, justo. Pellentesque viverra pede ac diam. Cras pellentesque volutpat dui.', '2017-12-02 15:40:24', '2017-12-02 15:40:24'),
('diner', 11, 9, 5, 'Proin eu mi. Nulla ac enim. In tempor, turpis nec euismod scelerisque, quam turpis adipiscing lorem, vitae mattis nibh ligula nec sem.', '2017-12-02 15:40:24', '2017-12-02 15:40:24'),
('diner', 12, 8, 2, 'Lorem ipsum dolor sit amet, consectetuer adipiscing elit. Proin risus. Praesent lectus.', '2017-12-02 15:40:24', '2017-12-02 15:40:24'),
('diner', 13, 7, 3, 'Nullam porttitor lacus at turpis. Donec posuere metus vitae ipsum. Aliquam non mauris.', '2017-08-28 17:00:00', '2017-05-29 17:00:00'),
('diner', 14, 10, 5, 'Morbi non lectus. Aliquam sit amet diam in magna bibendum imperdiet. Nullam orci pede, venenatis non, sodales sed, tincidunt eu, felis.', '2017-12-02 15:40:24', '2017-12-02 15:40:24'),
('owner', 15, 9, 1, 'Phasellus in felis. Donec semper sapien a libero. Nam dui.', '2017-10-03 17:00:00', '2017-10-31 17:00:00'),
('diner', 16, 7, 4, 'Lorem ipsum dolor sit amet, consectetuer adipiscing elit. Proin risus. Praesent lectus.', '2017-07-08 17:00:00', '2017-03-24 17:00:00'),
('owner', 17, 6, 1, 'Nullam sit amet turpis elementum ligula vehicula consequat. Morbi a ipsum. Integer a nibh.', '2017-07-27 17:00:00', '2017-01-23 17:00:00'),
('diner', 18, 6, 5, 'Morbi non lectus. Aliquam sit amet diam in magna bibendum imperdiet. Nullam orci pede, venenatis non, sodales sed, tincidunt eu, felis.', '2017-12-02 15:40:24', '2017-12-02 15:40:24'),
('diner', 19, 6, 2, 'Nullam sit amet turpis elementum ligula vehicula consequat. Morbi a ipsum. Integer a nibh.', '2017-12-02 15:40:24', '2017-12-02 15:40:24'),
('diner', 20, 8, 4, 'Integer tincidunt ante vel ipsum. Praesent blandit lacinia erat. Vestibulum sed magna at nunc commodo placerat.', '2017-12-02 15:40:24', '2017-12-02 15:40:24'),
('diner', 21, 7, 3, 'Praesent blandit. Nam nulla. Integer pede justo, lacinia eget, tincidunt eget, tempus vel, pede.', '2017-07-25 17:00:00', '2017-11-06 17:00:00'),
('diner', 22, 8, 3, 'Proin leo odio, porttitor id, consequat in, consequat ut, nulla. Sed accumsan felis. Ut at dolor quis odio consequat varius.', '2017-12-02 15:40:24', '2017-12-02 15:40:24'),
('diner', 23, 7, 4, 'Aliquam quis turpis eget elit sodales scelerisque. Mauris sit amet eros. Suspendisse accumsan tortor quis turpis.', '2017-06-04 17:00:00', '2017-07-11 17:00:00'),
('diner', 24, 8, 5, 'Integer tincidunt ante vel ipsum. Praesent blandit lacinia erat. Vestibulum sed magna at nunc commodo placerat.', '2017-12-02 15:40:24', '2017-12-02 15:40:24'),
('diner', 25, 8, 4, 'Nullam porttitor lacus at turpis. Donec posuere metus vitae ipsum. Aliquam non mauris.', '2017-12-02 15:40:24', '2017-12-02 15:40:24'),
('diner', 26, 8, 2, 'Vestibulum ac est lacinia nisi venenatis tristique. Fusce congue, diam id ornare imperdiet, sapien urna pretium nisl, ut volutpat sapien arcu sed augue. Aliquam erat volutpat.', '2017-12-02 15:40:24', '2017-12-02 15:40:24'),
('diner', 27, 6, 3, 'Sed sagittis. Nam congue, risus semper porta volutpat, quam pede lobortis ligula, sit amet eleifend pede libero quis orci. Nullam molestie nibh in lectus.', '2017-12-02 15:40:24', '2017-12-02 15:40:24'),
('diner', 28, 9, 4, 'Curabitur gravida nisi at nibh. In hac habitasse platea dictumst. Aliquam augue quam, sollicitudin vitae, consectetuer eget, rutrum at, lorem.', '2017-12-02 15:40:58', '2017-12-02 15:40:58'),
('owner', 29, 10, 1, 'Donec diam neque, vestibulum eget, vulputate ut, ultrices vel, augue. Vestibulum ante ipsum primis in faucibus orci luctus et ultrices posuere cubilia Curae; Donec pharetra, magna vestibulum aliquet ultrices, erat tortor sollicitudin mi, sit amet lobortis sapien sapien non mi. Integer ac neque.', '2017-10-01 17:00:00', '2017-07-28 17:00:00'),
('diner', 30, 6, 4, 'Vestibulum ac est lacinia nisi venenatis tristique. Fusce congue, diam id ornare imperdiet, sapien urna pretium nisl, ut volutpat sapien arcu sed augue. Aliquam erat volutpat.', '2017-12-02 15:40:58', '2017-12-02 15:40:58'),
('diner', 31, 8, 5, 'Nulla ut erat id mauris vulputate elementum. Nullam varius. Nulla facilisi.', '2017-12-02 15:40:58', '2017-12-02 15:40:58'),
('diner', 32, 7, 4, 'Vestibulum ac est lacinia nisi venenatis tristique. Fusce congue, diam id ornare imperdiet, sapien urna pretium nisl, ut volutpat sapien arcu sed augue. Aliquam erat volutpat.', '2017-05-15 17:00:00', '2017-08-04 17:00:00'),
('diner', 33, 8, 2, 'Vestibulum ac est lacinia nisi venenatis tristique. Fusce congue, diam id ornare imperdiet, sapien urna pretium nisl, ut volutpat sapien arcu sed augue. Aliquam erat volutpat.', '2017-12-02 15:40:58', '2017-12-02 15:40:58'),
('diner', 34, 9, 2, 'Nullam sit amet turpis elementum ligula vehicula consequat. Morbi a ipsum. Integer a nibh.', '2017-12-02 15:40:58', '2017-12-02 15:40:58'),
('owner', 35, 7, 1, 'Cras mi pede, malesuada in, imperdiet et, commodo vulputate, justo. In blandit ultrices enim. Lorem ipsum dolor sit amet, consectetuer adipiscing elit.', '2017-03-01 17:00:00', '2017-09-07 17:00:00'),
('diner', 36, 6, 2, 'Pellentesque at nulla. Suspendisse potenti. Cras in purus eu magna vulputate luctus.', '2017-12-02 15:40:58', '2017-12-02 15:40:58'),
('diner', 37, 7, 5, 'Curabitur at ipsum ac tellus semper interdum. Mauris ullamcorper purus sit amet nulla. Quisque arcu libero, rutrum ac, lobortis vel, dapibus at, diam.', '2017-08-22 17:00:00', '2017-05-13 17:00:00'),
('diner', 38, 6, 2, 'Cras mi pede, malesuada in, imperdiet et, commodo vulputate, justo. In blandit ultrices enim. Lorem ipsum dolor sit amet, consectetuer adipiscing elit.', '2017-12-02 15:40:58', '2017-12-02 15:40:58'),
('diner', 39, 7, 2, 'Integer ac leo. Pellentesque ultrices mattis odio. Donec vitae nisi.', '2017-11-17 17:00:00', '2017-09-22 17:00:00'),
('diner', 40, 8, 2, 'Nullam porttitor lacus at turpis. Donec posuere metus vitae ipsum. Aliquam non mauris.', '2017-12-02 15:40:58', '2017-12-02 15:40:58'),
('diner', 41, 6, 5, 'Quisque id justo sit amet sapien dignissim vestibulum. Vestibulum ante ipsum primis in faucibus orci luctus et ultrices posuere cubilia Curae; Nulla dapibus dolor vel est. Donec odio justo, sollicitudin ut, suscipit a, feugiat et, eros.', '2017-12-02 15:40:58', '2017-12-02 15:40:58'),
('diner', 42, 8, 3, 'Duis bibendum. Morbi non quam nec dui luctus rutrum. Nulla tellus.', '2017-12-02 15:40:58', '2017-12-02 15:40:58'),
('diner', 43, 6, 2, 'Nullam sit amet turpis elementum ligula vehicula consequat. Morbi a ipsum. Integer a nibh.', '2017-12-02 15:40:58', '2017-12-02 15:40:58'),
('diner', 44, 8, 5, 'In sagittis dui vel nisl. Duis ac nibh. Fusce lacus purus, aliquet at, feugiat non, pretium quis, lectus.', '2017-12-02 15:40:58', '2017-12-02 15:40:58'),
('diner', 45, 10, 2, 'In congue. Etiam justo. Etiam pretium iaculis justo.', '2017-12-02 15:40:58', '2017-12-02 15:40:58'),
('diner', 46, 8, 2, 'Proin interdum mauris non ligula pellentesque ultrices. Phasellus id sapien in sapien iaculis congue. Vivamus metus arcu, adipiscing molestie, hendrerit at, vulputate vitae, nisl.', '2017-12-02 15:40:58', '2017-12-02 15:40:58'),
('owner', 47, 8, 1, 'Cras non velit nec nisi vulputate nonummy. Maecenas tincidunt lacus at velit. Vivamus vel nulla eget eros elementum pellentesque.', '2017-01-31 17:00:00', '2017-02-22 17:00:00'),
('owner', 48, 7, 1, 'Cras mi pede, malesuada in, imperdiet et, commodo vulputate, justo. In blandit ultrices enim. Lorem ipsum dolor sit amet, consectetuer adipiscing elit.', '2017-08-18 17:00:00', '2017-11-14 17:00:00'),
('owner', 49, 9, 1, 'Quisque id justo sit amet sapien dignissim vestibulum. Vestibulum ante ipsum primis in faucibus orci luctus et ultrices posuere cubilia Curae; Nulla dapibus dolor vel est. Donec odio justo, sollicitudin ut, suscipit a, feugiat et, eros.', '2017-06-17 17:00:00', '2017-11-13 17:00:00'),
('diner', 50, 10, 4, 'Maecenas ut massa quis augue luctus tincidunt. Nulla mollis molestie lorem. Quisque ut erat.', '2017-12-02 15:40:58', '2017-12-02 15:40:58'),
('diner', 51, 6, 5, 'Maecenas leo odio, condimentum id, luctus nec, molestie sed, justo. Pellentesque viverra pede ac diam. Cras pellentesque volutpat dui.', '2017-12-02 15:40:58', '2017-12-02 15:40:58'),
('diner', 52, 6, 3, 'Curabitur at ipsum ac tellus semper interdum. Mauris ullamcorper purus sit amet nulla. Quisque arcu libero, rutrum ac, lobortis vel, dapibus at, diam.', '2017-12-02 15:40:58', '2017-12-02 15:40:58'),
('diner', 53, 6, 4, 'Phasellus sit amet erat. Nulla tempus. Vivamus in felis eu sapien cursus vestibulum.', '2017-12-02 15:40:58', '2017-12-02 15:40:58'),
('diner', 54, 6, 4, 'Fusce posuere felis sed lacus. Morbi sem mauris, laoreet ut, rhoncus aliquet, pulvinar sed, nisl. Nunc rhoncus dui vel sem.', '2017-12-02 15:40:58', '2017-12-02 15:40:58'),
('diner', 55, 7, 2, 'Sed ante. Vivamus tortor. Duis mattis egestas metus.', '2017-04-27 17:00:00', '2017-11-05 17:00:00'),
('diner', 56, 9, 4, 'Proin leo odio, porttitor id, consequat in, consequat ut, nulla. Sed accumsan felis. Ut at dolor quis odio consequat varius.', '2017-12-02 15:40:58', '2017-12-02 15:40:58'),
('diner', 57, 7, 4, 'Phasellus sit amet erat. Nulla tempus. Vivamus in felis eu sapien cursus vestibulum.', '2017-05-04 17:00:00', '2017-08-22 17:00:00'),
('diner', 58, 7, 5, 'Praesent id massa id nisl venenatis lacinia. Aenean sit amet justo. Morbi ut odio.', '2017-04-20 17:00:00', '2017-05-21 17:00:00'),
('diner', 59, 6, 2, 'Proin interdum mauris non ligula pellentesque ultrices. Phasellus id sapien in sapien iaculis congue. Vivamus metus arcu, adipiscing molestie, hendrerit at, vulputate vitae, nisl.', '2017-12-02 15:40:58', '2017-12-02 15:40:58'),
('diner', 60, 7, 4, 'Lorem ipsum dolor sit amet, consectetuer adipiscing elit. Proin risus. Praesent lectus.', '2017-10-10 17:00:00', '2017-07-25 17:00:00'),
('diner', 61, 9, 2, 'Cras mi pede, malesuada in, imperdiet et, commodo vulputate, justo. In blandit ultrices enim. Lorem ipsum dolor sit amet, consectetuer adipiscing elit.', '2017-12-02 15:40:58', '2017-12-02 15:40:58'),
('diner', 62, 8, 2, 'Duis bibendum, felis sed interdum venenatis, turpis enim blandit mi, in porttitor pede justo eu massa. Donec dapibus. Duis at velit eu est congue elementum.', '2017-12-02 15:40:58', '2017-12-02 15:40:58'),
('owner', 63, 10, 1, 'In sagittis dui vel nisl. Duis ac nibh. Fusce lacus purus, aliquet at, feugiat non, pretium quis, lectus.', '2017-10-29 17:00:00', '2017-10-18 17:00:00'),
('diner', 64, 9, 3, 'Cras mi pede, malesuada in, imperdiet et, commodo vulputate, justo. In blandit ultrices enim. Lorem ipsum dolor sit amet, consectetuer adipiscing elit.', '2017-12-02 15:40:58', '2017-12-02 15:40:58'),
('diner', 65, 7, 2, 'Cum sociis natoque penatibus et magnis dis parturient montes, nascetur ridiculus mus. Vivamus vestibulum sagittis sapien. Cum sociis natoque penatibus et magnis dis parturient montes, nascetur ridiculus mus.', '2017-10-28 17:00:00', '2017-07-14 17:00:00'),
('owner', 66, 10, 3, 'In congue. Etiam justo. Etiam pretium iaculis justo.', '2017-12-02 15:40:58', '2017-12-02 15:40:58'),
('owner', 67, 6, 5, 'In sagittis dui vel nisl. Duis ac nibh. Fusce lacus purus, aliquet at, feugiat non, pretium quis, lectus.', '2017-12-02 15:40:58', '2017-12-02 15:40:58'),
('owner', 68, 6, 2, 'Duis bibendum, felis sed interdum venenatis, turpis enim blandit mi, in porttitor pede justo eu massa. Donec dapibus. Duis at velit eu est congue elementum.', '2017-12-02 15:40:58', '2017-12-02 15:40:58'),
('owner', 69, 8, 3, 'Sed ante. Vivamus tortor. Duis mattis egestas metus.', '2017-12-02 15:40:58', '2017-12-02 15:40:58'),
('owner', 70, 10, 3, 'Morbi porttitor lorem id ligula. Suspendisse ornare consequat lectus. In est risus, auctor sed, tristique in, tempus sit amet, sem.', '2017-12-02 15:40:58', '2017-12-02 15:40:58'),
('owner', 71, 8, 1, 'Phasellus in felis. Donec semper sapien a libero. Nam dui.', '2017-02-28 17:00:00', '2017-01-18 17:00:00'),
('owner', 72, 6, 4, 'Suspendisse potenti. In eleifend quam a odio. In hac habitasse platea dictumst.', '2017-12-02 15:40:58', '2017-12-02 15:40:58'),
('owner', 73, 9, 3, 'Morbi porttitor lorem id ligula. Suspendisse ornare consequat lectus. In est risus, auctor sed, tristique in, tempus sit amet, sem.', '2017-12-02 15:40:58', '2017-12-02 15:40:58'),
('owner', 74, 9, 3, 'Morbi non lectus. Aliquam sit amet diam in magna bibendum imperdiet. Nullam orci pede, venenatis non, sodales sed, tincidunt eu, felis.', '2017-12-02 15:40:58', '2017-12-02 15:40:58'),
('owner', 75, 6, 3, 'Aenean lectus. Pellentesque eget nunc. Donec quis orci eget orci vehicula condimentum.', '2017-12-02 15:40:58', '2017-12-02 15:40:58'),
('owner', 76, 8, 2, 'Curabitur at ipsum ac tellus semper interdum. Mauris ullamcorper purus sit amet nulla. Quisque arcu libero, rutrum ac, lobortis vel, dapibus at, diam.', '2017-12-02 15:40:58', '2017-12-02 15:40:58'),
('owner', 77, 8, 1, 'Integer tincidunt ante vel ipsum. Praesent blandit lacinia erat. Vestibulum sed magna at nunc commodo placerat.', '2017-04-01 17:00:00', '2017-09-13 17:00:00'),
('diner', 78, 7, 3, 'Suspendisse potenti. In eleifend quam a odio. In hac habitasse platea dictumst.', '2017-05-20 17:00:00', '2017-07-12 17:00:00'),
('owner', 79, 10, 3, 'Etiam vel augue. Vestibulum rutrum rutrum neque. Aenean auctor gravida sem.', '2017-12-02 15:40:58', '2017-12-02 15:40:58'),
('owner', 80, 8, 5, 'Duis bibendum. Morbi non quam nec dui luctus rutrum. Nulla tellus.', '2017-12-02 15:40:58', '2017-12-02 15:40:58'),
('owner', 81, 8, 5, 'In congue. Etiam justo. Etiam pretium iaculis justo.', '2017-12-02 15:40:58', '2017-12-02 15:40:58'),
('owner', 82, 6, 3, 'Proin leo odio, porttitor id, consequat in, consequat ut, nulla. Sed accumsan felis. Ut at dolor quis odio consequat varius.', '2017-12-02 15:40:58', '2017-12-02 15:40:58'),
('diner', 83, 7, 4, 'Maecenas ut massa quis augue luctus tincidunt. Nulla mollis molestie lorem. Quisque ut erat.', '2017-04-01 17:00:00', '2017-10-14 17:00:00'),
('owner', 84, 8, 1, 'Curabitur in libero ut massa volutpat convallis. Morbi odio odio, elementum eu, interdum eu, tincidunt in, leo. Maecenas pulvinar lobortis est.', '2017-01-24 17:00:00', '2017-10-17 17:00:00'),
('owner', 85, 7, 1, 'Pellentesque at nulla. Suspendisse potenti. Cras in purus eu magna vulputate luctus.', '2017-06-07 17:00:00', '2017-05-10 17:00:00'),
('owner', 86, 7, 1, 'Pellentesque at nulla. Suspendisse potenti. Cras in purus eu magna vulputate luctus.', '2017-08-10 17:00:00', '2017-06-13 17:00:00'),
('owner', 87, 7, 1, 'Etiam vel augue. Vestibulum rutrum rutrum neque. Aenean auctor gravida sem.', '2017-03-18 17:00:00', '2017-03-19 17:00:00'),
('owner', 88, 9, 3, 'Phasellus in felis. Donec semper sapien a libero. Nam dui.', '2017-12-02 15:40:58', '2017-12-02 15:40:58'),
('owner', 89, 9, 4, 'Cras mi pede, malesuada in, imperdiet et, commodo vulputate, justo. In blandit ultrices enim. Lorem ipsum dolor sit amet, consectetuer adipiscing elit.', '2017-12-02 15:40:58', '2017-12-02 15:40:58'),
('owner', 90, 8, 1, 'Aenean fermentum. Donec ut mauris eget massa tempor convallis. Nulla neque libero, convallis eget, eleifend luctus, ultricies eu, nibh.', '2017-10-27 17:00:00', '2017-06-08 17:00:00'),
('owner', 91, 8, 4, 'Cras non velit nec nisi vulputate nonummy. Maecenas tincidunt lacus at velit. Vivamus vel nulla eget eros elementum pellentesque.', '2017-12-02 15:40:58', '2017-12-02 15:40:58'),
('diner', 92, 7, 3, 'Integer ac leo. Pellentesque ultrices mattis odio. Donec vitae nisi.', '2017-11-09 17:00:00', '2017-09-17 17:00:00'),
('owner', 93, 6, 1, 'Donec diam neque, vestibulum eget, vulputate ut, ultrices vel, augue. Vestibulum ante ipsum primis in faucibus orci luctus et ultrices posuere cubilia Curae; Donec pharetra, magna vestibulum aliquet ultrices, erat tortor sollicitudin mi, sit amet lobortis sapien sapien non mi. Integer ac neque.', '2017-05-28 17:00:00', '2017-05-18 17:00:00'),
('owner', 94, 10, 2, 'Etiam vel augue. Vestibulum rutrum rutrum neque. Aenean auctor gravida sem.', '2017-12-02 15:40:58', '2017-12-02 15:40:58'),
('owner', 95, 8, 4, 'Phasellus sit amet erat. Nulla tempus. Vivamus in felis eu sapien cursus vestibulum.', '2017-12-02 15:40:58', '2017-12-02 15:40:58'),
('owner', 96, 8, 2, 'Proin leo odio, porttitor id, consequat in, consequat ut, nulla. Sed accumsan felis. Ut at dolor quis odio consequat varius.', '2017-12-02 15:40:58', '2017-12-02 15:40:58'),
('owner', 97, 8, 5, 'Praesent id massa id nisl venenatis lacinia. Aenean sit amet justo. Morbi ut odio.', '2017-12-02 15:40:58', '2017-12-02 15:40:58'),
('owner', 98, 8, 2, 'Aliquam quis turpis eget elit sodales scelerisque. Mauris sit amet eros. Suspendisse accumsan tortor quis turpis.', '2017-12-02 15:40:58', '2017-12-02 15:40:58'),
('owner', 99, 6, 4, 'Vestibulum quam sapien, varius ut, blandit non, interdum in, ante. Vestibulum ante ipsum primis in faucibus orci luctus et ultrices posuere cubilia Curae; Duis faucibus accumsan odio. Curabitur convallis.', '2017-12-02 15:40:58', '2017-12-02 15:40:58'),
('owner', 100, 9, 5, 'Quisque porta volutpat erat. Quisque erat eros, viverra eget, congue eget, semper rutrum, nulla. Nunc purus.', '2017-12-02 15:40:58', '2017-12-02 15:40:58'),
('owner', 101, 9, 3, 'Aliquam quis turpis eget elit sodales scelerisque. Mauris sit amet eros. Suspendisse accumsan tortor quis turpis.', '2017-12-02 15:40:58', '2017-12-02 15:40:58'),
('diner', 102, 7, 5, 'Praesent blandit. Nam nulla. Integer pede justo, lacinia eget, tincidunt eget, tempus vel, pede.', '2017-04-07 17:00:00', '2017-05-29 17:00:00'),
('owner', 103, 8, 2, 'Proin interdum mauris non ligula pellentesque ultrices. Phasellus id sapien in sapien iaculis congue. Vivamus metus arcu, adipiscing molestie, hendrerit at, vulputate vitae, nisl.', '2017-12-02 15:40:58', '2017-12-02 15:40:58'),
('owner', 104, 6, 5, 'Maecenas leo odio, condimentum id, luctus nec, molestie sed, justo. Pellentesque viverra pede ac diam. Cras pellentesque volutpat dui.', '2017-12-02 15:40:58', '2017-12-02 15:40:58'),
('owner', 105, 9, 3, 'Duis bibendum, felis sed interdum venenatis, turpis enim blandit mi, in porttitor pede justo eu massa. Donec dapibus. Duis at velit eu est congue elementum.', '2017-12-02 15:40:58', '2017-12-02 15:40:58'),
('owner', 106, 9, 4, 'Fusce posuere felis sed lacus. Morbi sem mauris, laoreet ut, rhoncus aliquet, pulvinar sed, nisl. Nunc rhoncus dui vel sem.', '2017-12-02 15:40:58', '2017-12-02 15:40:58'),
('owner', 107, 9, 5, 'Duis bibendum, felis sed interdum venenatis, turpis enim blandit mi, in porttitor pede justo eu massa. Donec dapibus. Duis at velit eu est congue elementum.', '2017-12-02 15:40:58', '2017-12-02 15:40:58'),
('owner', 108, 9, 4, 'In hac habitasse platea dictumst. Morbi vestibulum, velit id pretium iaculis, diam erat fermentum justo, nec condimentum neque sapien placerat ante. Nulla justo.', '2017-12-02 15:40:58', '2017-12-02 15:40:58'),
('owner', 109, 8, 5, 'Nullam sit amet turpis elementum ligula vehicula consequat. Morbi a ipsum. Integer a nibh.', '2017-12-02 15:40:58', '2017-12-02 15:40:58'),
('owner', 110, 10, 1, 'Pellentesque at nulla. Suspendisse potenti. Cras in purus eu magna vulputate luctus.', '2017-03-09 17:00:00', '2017-03-22 17:00:00'),
('owner', 111, 9, 2, 'Proin eu mi. Nulla ac enim. In tempor, turpis nec euismod scelerisque, quam turpis adipiscing lorem, vitae mattis nibh ligula nec sem.', '2017-12-02 15:40:58', '2017-12-02 15:40:58'),
('owner', 112, 6, 4, 'In quis justo. Maecenas rhoncus aliquam lacus. Morbi quis tortor id nulla ultrices aliquet.', '2017-12-02 15:40:58', '2017-12-02 15:40:58'),
('owner', 113, 9, 5, 'Integer tincidunt ante vel ipsum. Praesent blandit lacinia erat. Vestibulum sed magna at nunc commodo placerat.', '2017-12-02 15:40:58', '2017-12-02 15:40:58'),
('owner', 114, 6, 2, 'Sed ante. Vivamus tortor. Duis mattis egestas metus.', '2017-12-02 15:40:58', '2017-12-02 15:40:58'),
('owner', 115, 9, 3, 'Morbi porttitor lorem id ligula. Suspendisse ornare consequat lectus. In est risus, auctor sed, tristique in, tempus sit amet, sem.', '2017-12-02 15:40:58', '2017-12-02 15:40:58'),
('owner', 116, 9, 5, 'Proin leo odio, porttitor id, consequat in, consequat ut, nulla. Sed accumsan felis. Ut at dolor quis odio consequat varius.', '2017-12-02 15:40:58', '2017-12-02 15:40:58'),
('owner', 117, 6, 1, 'In hac habitasse platea dictumst. Morbi vestibulum, velit id pretium iaculis, diam erat fermentum justo, nec condimentum neque sapien placerat ante. Nulla justo.', '2017-07-02 17:00:00', '2016-12-01 17:00:00'),
('owner', 118, 9, 4, 'Morbi non lectus. Aliquam sit amet diam in magna bibendum imperdiet. Nullam orci pede, venenatis non, sodales sed, tincidunt eu, felis.', '2017-12-02 15:40:58', '2017-12-02 15:40:58'),
('owner', 119, 10, 4, 'Maecenas tristique, est et tempus semper, est quam pharetra magna, ac consequat metus sapien ut nunc. Vestibulum ante ipsum primis in faucibus orci luctus et ultrices posuere cubilia Curae; Mauris viverra diam vitae quam. Suspendisse potenti.', '2017-12-02 15:40:58', '2017-12-02 15:40:58'),
('owner', 120, 8, 5, 'Quisque porta volutpat erat. Quisque erat eros, viverra eget, congue eget, semper rutrum, nulla. Nunc purus.', '2017-12-02 15:40:58', '2017-12-02 15:40:58'),
('owner', 121, 9, 1, 'Cras non velit nec nisi vulputate nonummy. Maecenas tincidunt lacus at velit. Vivamus vel nulla eget eros elementum pellentesque.', '2017-05-06 17:00:00', '2017-08-02 17:00:00'),
('diner', 122, 7, 3, 'Phasellus in felis. Donec semper sapien a libero. Nam dui.', '2017-06-19 17:00:00', '2017-03-05 17:00:00'),
('owner', 123, 6, 5, 'Curabitur in libero ut massa volutpat convallis. Morbi odio odio, elementum eu, interdum eu, tincidunt in, leo. Maecenas pulvinar lobortis est.', '2017-12-02 15:40:58', '2017-12-02 15:40:58'),
('owner', 124, 7, 1, 'Quisque id justo sit amet sapien dignissim vestibulum. Vestibulum ante ipsum primis in faucibus orci luctus et ultrices posuere cubilia Curae; Nulla dapibus dolor vel est. Donec odio justo, sollicitudin ut, suscipit a, feugiat et, eros.', '2017-06-27 17:00:00', '2017-06-09 17:00:00'),
('owner', 125, 8, 2, 'Phasellus in felis. Donec semper sapien a libero. Nam dui.', '2017-12-02 15:40:58', '2017-12-02 15:40:58'),
('owner', 126, 10, 2, 'Curabitur at ipsum ac tellus semper interdum. Mauris ullamcorper purus sit amet nulla. Quisque arcu libero, rutrum ac, lobortis vel, dapibus at, diam.', '2017-12-02 15:40:58', '2017-12-02 15:40:58'),
('owner', 127, 6, 3, 'Phasellus sit amet erat. Nulla tempus. Vivamus in felis eu sapien cursus vestibulum.', '2017-12-02 15:40:58', '2017-12-02 15:40:58'),
('owner', 128, 9, 4, 'Cras mi pede, malesuada in, imperdiet et, commodo vulputate, justo. In blandit ultrices enim. Lorem ipsum dolor sit amet, consectetuer adipiscing elit.', '2017-12-02 15:40:58', '2017-12-02 15:40:58'),
('diner', 129, 8, 1, 'Cras mi pede, malesuada in, imperdiet et, commodo vulputate, justo. In blandit ultrices enim. Lorem ipsum dolor sit amet, consectetuer adipiscing elit.', '2017-07-08 17:00:00', '2017-07-22 17:00:00'),
('owner', 130, 6, 5, 'In congue. Etiam justo. Etiam pretium iaculis justo.', '2017-12-02 15:40:58', '2017-12-02 15:40:58'),
('diner', 131, 6, 1, 'Duis consequat dui nec nisi volutpat eleifend. Donec ut dolor. Morbi vel lectus in quam fringilla rhoncus.', '2017-06-16 17:00:00', '2017-02-26 17:00:00'),
('diner', 132, 7, 4, 'Phasellus sit amet erat. Nulla tempus. Vivamus in felis eu sapien cursus vestibulum.', '2017-06-13 17:00:00', '2017-03-18 17:00:00'),
('owner', 133, 10, 2, 'Cras non velit nec nisi vulputate nonummy. Maecenas tincidunt lacus at velit. Vivamus vel nulla eget eros elementum pellentesque.', '2017-12-02 15:40:58', '2017-12-02 15:40:58'),
('owner', 134, 6, 5, 'Proin eu mi. Nulla ac enim. In tempor, turpis nec euismod scelerisque, quam turpis adipiscing lorem, vitae mattis nibh ligula nec sem.', '2017-12-02 15:40:58', '2017-12-02 15:40:58'),
('owner', 135, 9, 2, 'In congue. Etiam justo. Etiam pretium iaculis justo.', '2017-12-02 15:40:58', '2017-12-02 15:40:58'),
('owner', 136, 10, 5, 'Curabitur gravida nisi at nibh. In hac habitasse platea dictumst. Aliquam augue quam, sollicitudin vitae, consectetuer eget, rutrum at, lorem.', '2017-12-02 15:40:58', '2017-12-02 15:40:58'),
('owner', 137, 8, 4, 'Nullam porttitor lacus at turpis. Donec posuere metus vitae ipsum. Aliquam non mauris.', '2017-12-02 15:40:58', '2017-12-02 15:40:58'),
('diner', 138, 10, 1, 'In hac habitasse platea dictumst. Morbi vestibulum, velit id pretium iaculis, diam erat fermentum justo, nec condimentum neque sapien placerat ante. Nulla justo.', '2017-02-14 17:00:00', '2017-09-18 17:00:00'),
('owner', 139, 6, 2, 'Quisque id justo sit amet sapien dignissim vestibulum. Vestibulum ante ipsum primis in faucibus orci luctus et ultrices posuere cubilia Curae; Nulla dapibus dolor vel est. Donec odio justo, sollicitudin ut, suscipit a, feugiat et, eros.', '2017-12-02 15:40:58', '2017-12-02 15:40:58'),
('owner', 140, 8, 5, 'Aenean lectus. Pellentesque eget nunc. Donec quis orci eget orci vehicula condimentum.', '2017-12-02 15:40:58', '2017-12-02 15:40:58'),
('diner', 141, 7, 4, 'Cras non velit nec nisi vulputate nonummy. Maecenas tincidunt lacus at velit. Vivamus vel nulla eget eros elementum pellentesque.', '2017-04-13 17:00:00', '2017-02-10 17:00:00'),
('owner', 142, 8, 4, 'Duis aliquam convallis nunc. Proin at turpis a pede posuere nonummy. Integer non velit.', '2017-12-02 15:40:58', '2017-12-02 15:40:58'),
('owner', 143, 8, 2, 'Praesent id massa id nisl venenatis lacinia. Aenean sit amet justo. Morbi ut odio.', '2017-12-02 15:40:58', '2017-12-02 15:40:58'),
('owner', 144, 8, 2, 'Cras mi pede, malesuada in, imperdiet et, commodo vulputate, justo. In blandit ultrices enim. Lorem ipsum dolor sit amet, consectetuer adipiscing elit.', '2017-12-02 15:40:58', '2017-12-02 15:40:58'),
('owner', 145, 8, 2, 'Duis aliquam convallis nunc. Proin at turpis a pede posuere nonummy. Integer non velit.', '2017-12-02 15:40:58', '2017-12-02 15:40:58'),
('owner', 146, 6, 5, 'Maecenas tristique, est et tempus semper, est quam pharetra magna, ac consequat metus sapien ut nunc. Vestibulum ante ipsum primis in faucibus orci luctus et ultrices posuere cubilia Curae; Mauris viverra diam vitae quam. Suspendisse potenti.', '2017-12-02 15:40:58', '2017-12-02 15:40:58'),
('owner', 147, 8, 3, 'In hac habitasse platea dictumst. Etiam faucibus cursus urna. Ut tellus.', '2017-12-02 15:40:58', '2017-12-02 15:40:58'),
('owner', 148, 6, 4, 'Integer tincidunt ante vel ipsum. Praesent blandit lacinia erat. Vestibulum sed magna at nunc commodo placerat.', '2017-12-02 15:40:58', '2017-12-02 15:40:58'),
('diner', 149, 10, 1, 'Proin eu mi. Nulla ac enim. In tempor, turpis nec euismod scelerisque, quam turpis adipiscing lorem, vitae mattis nibh ligula nec sem.', '2017-06-16 17:00:00', '2017-03-18 17:00:00'),
('owner', 150, 8, 5, 'Etiam vel augue. Vestibulum rutrum rutrum neque. Aenean auctor gravida sem.', '2017-12-02 15:40:58', '2017-12-02 15:40:58'),
('owner', 151, 6, 2, 'Duis aliquam convallis nunc. Proin at turpis a pede posuere nonummy. Integer non velit.', '2017-12-02 15:40:58', '2017-12-02 15:40:58'),
('diner', 152, 7, 5, 'Curabitur at ipsum ac tellus semper interdum. Mauris ullamcorper purus sit amet nulla. Quisque arcu libero, rutrum ac, lobortis vel, dapibus at, diam.', '2017-04-17 17:00:00', '2017-04-26 17:00:00'),
('owner', 153, 6, 2, 'Curabitur in libero ut massa volutpat convallis. Morbi odio odio, elementum eu, interdum eu, tincidunt in, leo. Maecenas pulvinar lobortis est.', '2017-12-02 15:40:58', '2017-12-02 15:40:58'),
('diner', 154, 7, 5, 'Curabitur at ipsum ac tellus semper interdum. Mauris ullamcorper purus sit amet nulla. Quisque arcu libero, rutrum ac, lobortis vel, dapibus at, diam.', '2017-04-24 17:00:00', '2017-02-14 17:00:00'),
('owner', 155, 10, 5, 'Lorem ipsum dolor sit amet, consectetuer adipiscing elit. Proin risus. Praesent lectus.', '2017-12-02 15:40:58', '2017-12-02 15:40:58'),
('owner', 156, 9, 4, 'Cras non velit nec nisi vulputate nonummy. Maecenas tincidunt lacus at velit. Vivamus vel nulla eget eros elementum pellentesque.', '2017-12-02 15:40:58', '2017-12-02 15:40:58'),
('owner', 157, 8, 4, 'Curabitur at ipsum ac tellus semper interdum. Mauris ullamcorper purus sit amet nulla. Quisque arcu libero, rutrum ac, lobortis vel, dapibus at, diam.', '2017-12-02 15:40:58', '2017-12-02 15:40:58'),
('diner', 158, 7, 3, 'Lorem ipsum dolor sit amet, consectetuer adipiscing elit. Proin risus. Praesent lectus.', '2017-05-15 17:00:00', '2017-05-12 17:00:00'),
('diner', 159, 7, 5, 'Suspendisse potenti. In eleifend quam a odio. In hac habitasse platea dictumst.', '2016-12-18 17:00:00', '2017-08-11 17:00:00'),
('diner', 160, 7, 4, 'Aenean lectus. Pellentesque eget nunc. Donec quis orci eget orci vehicula condimentum.', '2017-01-01 17:00:00', '2017-05-04 17:00:00'),
('owner', 161, 6, 2, 'Nullam sit amet turpis elementum ligula vehicula consequat. Morbi a ipsum. Integer a nibh.', '2017-12-02 15:40:58', '2017-12-02 15:40:58'),
('owner', 162, 10, 3, 'Curabitur gravida nisi at nibh. In hac habitasse platea dictumst. Aliquam augue quam, sollicitudin vitae, consectetuer eget, rutrum at, lorem.', '2017-12-02 15:40:58', '2017-12-02 15:40:58'),
('owner', 163, 8, 2, 'Maecenas leo odio, condimentum id, luctus nec, molestie sed, justo. Pellentesque viverra pede ac diam. Cras pellentesque volutpat dui.', '2017-12-02 15:40:58', '2017-12-02 15:40:58'),
('owner', 164, 8, 4, 'Phasellus sit amet erat. Nulla tempus. Vivamus in felis eu sapien cursus vestibulum.', '2017-12-02 15:40:58', '2017-12-02 15:40:58'),
('owner', 165, 8, 4, 'Phasellus in felis. Donec semper sapien a libero. Nam dui.', '2017-12-02 15:40:58', '2017-12-02 15:40:58'),
('owner', 166, 9, 3, 'Duis bibendum, felis sed interdum venenatis, turpis enim blandit mi, in porttitor pede justo eu massa. Donec dapibus. Duis at velit eu est congue elementum.', '2017-12-02 15:40:58', '2017-12-02 15:40:58'),
('owner', 167, 9, 4, 'Proin leo odio, porttitor id, consequat in, consequat ut, nulla. Sed accumsan felis. Ut at dolor quis odio consequat varius.', '2017-12-02 15:40:58', '2017-12-02 15:40:58'),
('owner', 168, 9, 3, 'Etiam vel augue. Vestibulum rutrum rutrum neque. Aenean auctor gravida sem.', '2017-12-02 15:40:58', '2017-12-02 15:40:58'),
('owner', 169, 9, 5, 'Duis aliquam convallis nunc. Proin at turpis a pede posuere nonummy. Integer non velit.', '2017-12-02 15:40:58', '2017-12-02 15:40:58'),
('owner', 170, 9, 4, 'Integer tincidunt ante vel ipsum. Praesent blandit lacinia erat. Vestibulum sed magna at nunc commodo placerat.', '2017-12-02 15:40:58', '2017-12-02 15:40:58'),
('diner', 171, 7, 1, 'Proin interdum mauris non ligula pellentesque ultrices. Phasellus id sapien in sapien iaculis congue. Vivamus metus arcu, adipiscing molestie, hendrerit at, vulputate vitae, nisl.', '2017-03-06 17:00:00', '2017-07-27 17:00:00'),
('owner', 172, 6, 3, 'Cras non velit nec nisi vulputate nonummy. Maecenas tincidunt lacus at velit. Vivamus vel nulla eget eros elementum pellentesque.', '2017-12-02 15:40:58', '2017-12-02 15:40:58'),
('diner', 173, 10, 1, 'Nullam porttitor lacus at turpis. Donec posuere metus vitae ipsum. Aliquam non mauris.', '2017-01-07 17:00:00', '2017-09-14 17:00:00'),
('owner', 174, 10, 4, 'Cum sociis natoque penatibus et magnis dis parturient montes, nascetur ridiculus mus. Vivamus vestibulum sagittis sapien. Cum sociis natoque penatibus et magnis dis parturient montes, nascetur ridiculus mus.', '2017-12-02 15:40:58', '2017-12-02 15:40:58'),
('diner', 175, 8, 1, 'Fusce consequat. Nulla nisl. Nunc nisl.', '2017-04-02 17:00:00', '2017-08-25 17:00:00'),
('owner', 176, 6, 3, 'Mauris enim leo, rhoncus sed, vestibulum sit amet, cursus id, turpis. Integer aliquet, massa id lobortis convallis, tortor risus dapibus augue, vel accumsan tellus nisi eu orci. Mauris lacinia sapien quis libero.', '2017-12-02 15:40:58', '2017-12-02 15:40:58'),
('owner', 177, 9, 2, 'Maecenas tristique, est et tempus semper, est quam pharetra magna, ac consequat metus sapien ut nunc. Vestibulum ante ipsum primis in faucibus orci luctus et ultrices posuere cubilia Curae; Mauris viverra diam vitae quam. Suspendisse potenti.', '2017-12-02 15:40:58', '2017-12-02 15:40:58'),
('owner', 178, 10, 2, 'Proin leo odio, porttitor id, consequat in, consequat ut, nulla. Sed accumsan felis. Ut at dolor quis odio consequat varius.', '2017-12-02 15:40:58', '2017-12-02 15:40:58'),
('owner', 179, 6, 3, 'Curabitur in libero ut massa volutpat convallis. Morbi odio odio, elementum eu, interdum eu, tincidunt in, leo. Maecenas pulvinar lobortis est.', '2017-12-02 15:40:58', '2017-12-02 15:40:58'),
('diner', 180, 7, 5, 'Morbi non lectus. Aliquam sit amet diam in magna bibendum imperdiet. Nullam orci pede, venenatis non, sodales sed, tincidunt eu, felis.', '2017-08-25 17:00:00', '2017-08-12 17:00:00'),
('owner', 181, 9, 5, 'Curabitur in libero ut massa volutpat convallis. Morbi odio odio, elementum eu, interdum eu, tincidunt in, leo. Maecenas pulvinar lobortis est.', '2017-12-02 15:40:58', '2017-12-02 15:40:58'),
('diner', 182, 6, 1, 'Aenean fermentum. Donec ut mauris eget massa tempor convallis. Nulla neque libero, convallis eget, eleifend luctus, ultricies eu, nibh.', '2017-05-02 17:00:00', '2017-03-17 17:00:00'),
('owner', 183, 6, 3, 'Suspendisse potenti. In eleifend quam a odio. In hac habitasse platea dictumst.', '2017-12-02 15:40:58', '2017-12-02 15:40:58'),
('diner', 184, 8, 1, 'Integer tincidunt ante vel ipsum. Praesent blandit lacinia erat. Vestibulum sed magna at nunc commodo placerat.', '2017-07-24 17:00:00', '2016-12-03 17:00:00'),
('owner', 185, 8, 3, 'Lorem ipsum dolor sit amet, consectetuer adipiscing elit. Proin risus. Praesent lectus.', '2017-12-02 15:40:58', '2017-12-02 15:40:58'),
('owner', 186, 8, 4, 'Aenean lectus. Pellentesque eget nunc. Donec quis orci eget orci vehicula condimentum.', '2017-12-02 15:40:58', '2017-12-02 15:40:58'),
('diner', 187, 7, 5, 'Sed ante. Vivamus tortor. Duis mattis egestas metus.', '2017-04-23 17:00:00', '2017-01-25 17:00:00'),
('owner', 188, 10, 3, 'Donec diam neque, vestibulum eget, vulputate ut, ultrices vel, augue. Vestibulum ante ipsum primis in faucibus orci luctus et ultrices posuere cubilia Curae; Donec pharetra, magna vestibulum aliquet ultrices, erat tortor sollicitudin mi, sit amet lobortis sapien sapien non mi. Integer ac neque.', '2017-12-02 15:40:58', '2017-12-02 15:40:58'),
('diner', 189, 7, 4, 'Praesent blandit. Nam nulla. Integer pede justo, lacinia eget, tincidunt eget, tempus vel, pede.', '2017-01-22 17:00:00', '2017-01-20 17:00:00'),
('owner', 190, 8, 3, 'Proin leo odio, porttitor id, consequat in, consequat ut, nulla. Sed accumsan felis. Ut at dolor quis odio consequat varius.', '2017-12-02 15:40:58', '2017-12-02 15:40:58'),
('owner', 191, 10, 2, 'Vestibulum ac est lacinia nisi venenatis tristique. Fusce congue, diam id ornare imperdiet, sapien urna pretium nisl, ut volutpat sapien arcu sed augue. Aliquam erat volutpat.', '2017-12-02 15:40:58', '2017-12-02 15:40:58'),
('diner', 192, 10, 1, 'Nullam porttitor lacus at turpis. Donec posuere metus vitae ipsum. Aliquam non mauris.', '2017-10-13 17:00:00', '2017-02-27 17:00:00'),
('owner', 193, 8, 3, 'Duis aliquam convallis nunc. Proin at turpis a pede posuere nonummy. Integer non velit.', '2017-12-02 15:40:59', '2017-12-02 15:40:59'),
('diner', 194, 9, 1, 'Maecenas leo odio, condimentum id, luctus nec, molestie sed, justo. Pellentesque viverra pede ac diam. Cras pellentesque volutpat dui.', '2017-05-05 17:00:00', '2017-01-05 17:00:00'),
('diner', 195, 7, 3, 'Maecenas tristique, est et tempus semper, est quam pharetra magna, ac consequat metus sapien ut nunc. Vestibulum ante ipsum primis in faucibus orci luctus et ultrices posuere cubilia Curae; Mauris viverra diam vitae quam. Suspendisse potenti.', '2017-08-20 17:00:00', '2017-03-15 17:00:00'),
('owner', 196, 10, 3, 'Phasellus sit amet erat. Nulla tempus. Vivamus in felis eu sapien cursus vestibulum.', '2017-12-02 15:40:59', '2017-12-02 15:40:59'),
('owner', 197, 10, 2, 'Duis aliquam convallis nunc. Proin at turpis a pede posuere nonummy. Integer non velit.', '2017-12-02 15:40:59', '2017-12-02 15:40:59'),
('diner', 198, 7, 1, 'Proin interdum mauris non ligula pellentesque ultrices. Phasellus id sapien in sapien iaculis congue. Vivamus metus arcu, adipiscing molestie, hendrerit at, vulputate vitae, nisl.', '2017-11-02 17:00:00', '2017-07-20 17:00:00'),
('owner', 199, 6, 5, 'Integer tincidunt ante vel ipsum. Praesent blandit lacinia erat. Vestibulum sed magna at nunc commodo placerat.', '2017-12-02 15:40:59', '2017-12-02 15:40:59'),
('diner', 200, 8, 1, 'Maecenas ut massa quis augue luctus tincidunt. Nulla mollis molestie lorem. Quisque ut erat.', '2017-06-01 17:00:00', '2017-11-03 17:00:00'),
('owner', 201, 9, 4, 'Maecenas leo odio, condimentum id, luctus nec, molestie sed, justo. Pellentesque viverra pede ac diam. Cras pellentesque volutpat dui.', '2017-12-02 15:40:59', '2017-12-02 15:40:59'),
('diner', 202, 7, 1, 'Sed sagittis. Nam congue, risus semper porta volutpat, quam pede lobortis ligula, sit amet eleifend pede libero quis orci. Nullam molestie nibh in lectus.', '2016-11-25 17:00:00', '2017-07-29 17:00:00'),
('owner', 203, 9, 3, 'Cras mi pede, malesuada in, imperdiet et, commodo vulputate, justo. In blandit ultrices enim. Lorem ipsum dolor sit amet, consectetuer adipiscing elit.', '2017-12-02 15:40:59', '2017-12-02 15:40:59'),
('owner', 204, 6, 4, 'In hac habitasse platea dictumst. Etiam faucibus cursus urna. Ut tellus.', '2017-12-02 15:40:58', '2017-12-02 15:40:58'),
('owner', 205, 9, 4, 'Sed sagittis. Nam congue, risus semper porta volutpat, quam pede lobortis ligula, sit amet eleifend pede libero quis orci. Nullam molestie nibh in lectus.', '2017-12-02 15:40:58', '2017-12-02 15:40:58'),
('diner', 206, 8, 1, 'In congue. Etiam justo. Etiam pretium iaculis justo.', '2017-09-01 17:00:00', '2016-12-23 17:00:00'),
('diner', 207, 9, 1, 'Maecenas leo odio, condimentum id, luctus nec, molestie sed, justo. Pellentesque viverra pede ac diam. Cras pellentesque volutpat dui.', '2017-07-25 17:00:00', '2017-10-19 17:00:00'),
('owner', 208, 10, 4, 'Duis consequat dui nec nisi volutpat eleifend. Donec ut dolor. Morbi vel lectus in quam fringilla rhoncus.', '2017-12-02 15:40:58', '2017-12-02 15:40:58'),
('owner', 209, 8, 5, 'Integer tincidunt ante vel ipsum. Praesent blandit lacinia erat. Vestibulum sed magna at nunc commodo placerat.', '2017-12-02 15:40:58', '2017-12-02 15:40:58'),
('owner', 210, 6, 3, 'Etiam vel augue. Vestibulum rutrum rutrum neque. Aenean auctor gravida sem.', '2017-12-02 15:40:58', '2017-12-02 15:40:58'),
('owner', 211, 10, 4, 'Integer tincidunt ante vel ipsum. Praesent blandit lacinia erat. Vestibulum sed magna at nunc commodo placerat.', '2017-12-02 15:40:58', '2017-12-02 15:40:58'),
('owner', 212, 7, 4, 'Pellentesque at nulla. Suspendisse potenti. Cras in purus eu magna vulputate luctus.', '2017-01-28 17:00:00', '2017-10-17 17:00:00'),
('owner', 213, 6, 4, 'Praesent blandit. Nam nulla. Integer pede justo, lacinia eget, tincidunt eget, tempus vel, pede.', '2017-12-02 15:40:58', '2017-12-02 15:40:58'),
('owner', 214, 6, 2, 'Phasellus in felis. Donec semper sapien a libero. Nam dui.', '2017-12-02 15:40:58', '2017-12-02 15:40:58'),
('owner', 215, 7, 1, 'Quisque porta volutpat erat. Quisque erat eros, viverra eget, congue eget, semper rutrum, nulla. Nunc purus.', '2017-07-21 17:00:00', '2017-07-19 17:00:00'),
('owner', 216, 8, 2, 'Cum sociis natoque penatibus et magnis dis parturient montes, nascetur ridiculus mus. Vivamus vestibulum sagittis sapien. Cum sociis natoque penatibus et magnis dis parturient montes, nascetur ridiculus mus.', '2017-12-02 15:40:58', '2017-12-02 15:40:58'),
('diner', 217, 6, 1, 'Cum sociis natoque penatibus et magnis dis parturient montes, nascetur ridiculus mus. Vivamus vestibulum sagittis sapien. Cum sociis natoque penatibus et magnis dis parturient montes, nascetur ridiculus mus.', '2017-07-14 17:00:00', '2016-12-03 17:00:00'),
('owner', 218, 6, 4, 'In quis justo. Maecenas rhoncus aliquam lacus. Morbi quis tortor id nulla ultrices aliquet.', '2017-12-02 15:40:58', '2017-12-02 15:40:58'),
('owner', 219, 6, 5, 'Cras non velit nec nisi vulputate nonummy. Maecenas tincidunt lacus at velit. Vivamus vel nulla eget eros elementum pellentesque.', '2017-12-02 15:40:58', '2017-12-02 15:40:58'),
('owner', 220, 9, 5, 'Etiam vel augue. Vestibulum rutrum rutrum neque. Aenean auctor gravida sem.', '2017-12-02 15:40:58', '2017-12-02 15:40:58'),
('diner', 221, 10, 1, 'Maecenas tristique, est et tempus semper, est quam pharetra magna, ac consequat metus sapien ut nunc. Vestibulum ante ipsum primis in faucibus orci luctus et ultrices posuere cubilia Curae; Mauris viverra diam vitae quam. Suspendisse potenti.', '2017-10-09 17:00:00', '2017-10-09 17:00:00'),
('diner', 222, 10, 1, 'Proin interdum mauris non ligula pellentesque ultrices. Phasellus id sapien in sapien iaculis congue. Vivamus metus arcu, adipiscing molestie, hendrerit at, vulputate vitae, nisl.', '2017-06-23 17:00:00', '2017-04-08 17:00:00'),
('owner', 223, 6, 5, 'Integer ac leo. Pellentesque ultrices mattis odio. Donec vitae nisi.', '2017-12-02 15:40:58', '2017-12-02 15:40:58'),
('owner', 224, 7, 1, 'In quis justo. Maecenas rhoncus aliquam lacus. Morbi quis tortor id nulla ultrices aliquet.', '2017-08-22 17:00:00', '2017-05-12 17:00:00'),
('owner', 225, 10, 2, 'Phasellus sit amet erat. Nulla tempus. Vivamus in felis eu sapien cursus vestibulum.', '2017-12-02 15:40:58', '2017-12-02 15:40:58'),
('owner', 226, 7, 4, 'In hac habitasse platea dictumst. Morbi vestibulum, velit id pretium iaculis, diam erat fermentum justo, nec condimentum neque sapien placerat ante. Nulla justo.', '2017-10-05 17:00:00', '2017-03-27 17:00:00'),
('diner', 227, 8, 1, 'Nam ultrices, libero non mattis pulvinar, nulla pede ullamcorper augue, a suscipit nulla elit ac nulla. Sed vel enim sit amet nunc viverra dapibus. Nulla suscipit ligula in lacus.', '2017-10-23 17:00:00', '2017-06-13 17:00:00'),
('owner', 228, 9, 4, 'Sed sagittis. Nam congue, risus semper porta volutpat, quam pede lobortis ligula, sit amet eleifend pede libero quis orci. Nullam molestie nibh in lectus.', '2017-12-02 15:40:58', '2017-12-02 15:40:58'),
('owner', 229, 6, 3, 'Duis consequat dui nec nisi volutpat eleifend. Donec ut dolor. Morbi vel lectus in quam fringilla rhoncus.', '2017-12-02 15:40:58', '2017-12-02 15:40:58'),
('owner', 230, 9, 2, 'Cum sociis natoque penatibus et magnis dis parturient montes, nascetur ridiculus mus. Vivamus vestibulum sagittis sapien. Cum sociis natoque penatibus et magnis dis parturient montes, nascetur ridiculus mus.', '2017-12-02 15:40:58', '2017-12-02 15:40:58'),
('owner', 231, 8, 2, 'Etiam vel augue. Vestibulum rutrum rutrum neque. Aenean auctor gravida sem.', '2017-12-02 15:40:58', '2017-12-02 15:40:58'),
('owner', 232, 8, 5, 'Curabitur in libero ut massa volutpat convallis. Morbi odio odio, elementum eu, interdum eu, tincidunt in, leo. Maecenas pulvinar lobortis est.', '2017-12-02 15:40:58', '2017-12-02 15:40:58'),
('owner', 233, 8, 2, 'Cras mi pede, malesuada in, imperdiet et, commodo vulputate, justo. In blandit ultrices enim. Lorem ipsum dolor sit amet, consectetuer adipiscing elit.', '2017-12-02 15:40:58', '2017-12-02 15:40:58'),
('owner', 234, 7, 2, 'Maecenas leo odio, condimentum id, luctus nec, molestie sed, justo. Pellentesque viverra pede ac diam. Cras pellentesque volutpat dui.', '2017-01-10 17:00:00', '2017-05-31 17:00:00'),
('owner', 235, 10, 2, 'Nam ultrices, libero non mattis pulvinar, nulla pede ullamcorper augue, a suscipit nulla elit ac nulla. Sed vel enim sit amet nunc viverra dapibus. Nulla suscipit ligula in lacus.', '2017-12-02 15:40:58', '2017-12-02 15:40:58'),
('owner', 236, 8, 3, 'Mauris enim leo, rhoncus sed, vestibulum sit amet, cursus id, turpis. Integer aliquet, massa id lobortis convallis, tortor risus dapibus augue, vel accumsan tellus nisi eu orci. Mauris lacinia sapien quis libero.', '2017-12-02 15:40:58', '2017-12-02 15:40:58'),
('diner', 237, 9, 1, 'Maecenas tristique, est et tempus semper, est quam pharetra magna, ac consequat metus sapien ut nunc. Vestibulum ante ipsum primis in faucibus orci luctus et ultrices posuere cubilia Curae; Mauris viverra diam vitae quam. Suspendisse potenti.', '2017-06-18 17:00:00', '2017-08-24 17:00:00'),
('diner', 238, 9, 1, 'Proin eu mi. Nulla ac enim. In tempor, turpis nec euismod scelerisque, quam turpis adipiscing lorem, vitae mattis nibh ligula nec sem.', '2017-07-15 17:00:00', '2017-03-25 17:00:00'),
('owner', 239, 8, 2, 'Quisque id justo sit amet sapien dignissim vestibulum. Vestibulum ante ipsum primis in faucibus orci luctus et ultrices posuere cubilia Curae; Nulla dapibus dolor vel est. Donec odio justo, sollicitudin ut, suscipit a, feugiat et, eros.', '2017-12-02 15:40:58', '2017-12-02 15:40:58'),
('owner', 240, 6, 4, 'Duis aliquam convallis nunc. Proin at turpis a pede posuere nonummy. Integer non velit.', '2017-12-02 15:40:58', '2017-12-02 15:40:58'),
('owner', 241, 9, 4, 'Quisque porta volutpat erat. Quisque erat eros, viverra eget, congue eget, semper rutrum, nulla. Nunc purus.', '2017-12-02 15:40:58', '2017-12-02 15:40:58'),
('owner', 242, 9, 4, 'In congue. Etiam justo. Etiam pretium iaculis justo.', '2017-12-02 15:40:58', '2017-12-02 15:40:58'),
('owner', 243, 6, 5, 'Donec diam neque, vestibulum eget, vulputate ut, ultrices vel, augue. Vestibulum ante ipsum primis in faucibus orci luctus et ultrices posuere cubilia Curae; Donec pharetra, magna vestibulum aliquet ultrices, erat tortor sollicitudin mi, sit amet lobortis sapien sapien non mi. Integer ac neque.', '2017-12-02 15:40:58', '2017-12-02 15:40:58'),
('owner', 244, 7, 3, 'Fusce posuere felis sed lacus. Morbi sem mauris, laoreet ut, rhoncus aliquet, pulvinar sed, nisl. Nunc rhoncus dui vel sem.', '2017-08-30 17:00:00', '2017-08-20 17:00:00'),
('owner', 245, 8, 5, 'Sed sagittis. Nam congue, risus semper porta volutpat, quam pede lobortis ligula, sit amet eleifend pede libero quis orci. Nullam molestie nibh in lectus.', '2017-12-02 15:40:58', '2017-12-02 15:40:58'),
('owner', 246, 6, 4, 'Proin eu mi. Nulla ac enim. In tempor, turpis nec euismod scelerisque, quam turpis adipiscing lorem, vitae mattis nibh ligula nec sem.', '2017-12-02 15:40:58', '2017-12-02 15:40:58'),
('owner', 247, 6, 3, 'Lorem ipsum dolor sit amet, consectetuer adipiscing elit. Proin risus. Praesent lectus.', '2017-12-02 15:40:58', '2017-12-02 15:40:58'),
('diner', 248, 6, 1, 'In quis justo. Maecenas rhoncus aliquam lacus. Morbi quis tortor id nulla ultrices aliquet.', '2017-07-08 17:00:00', '2017-07-28 17:00:00'),
('owner', 249, 8, 5, 'Morbi porttitor lorem id ligula. Suspendisse ornare consequat lectus. In est risus, auctor sed, tristique in, tempus sit amet, sem.', '2017-12-02 15:40:58', '2017-12-02 15:40:58'),
('owner', 250, 8, 5, 'Aenean lectus. Pellentesque eget nunc. Donec quis orci eget orci vehicula condimentum.', '2017-12-02 15:40:58', '2017-12-02 15:40:58'),
('diner', 251, 6, 1, 'Integer tincidunt ante vel ipsum. Praesent blandit lacinia erat. Vestibulum sed magna at nunc commodo placerat.', '2017-06-08 17:00:00', '2017-05-23 17:00:00'),
('owner', 252, 10, 3, 'Duis consequat dui nec nisi volutpat eleifend. Donec ut dolor. Morbi vel lectus in quam fringilla rhoncus.', '2017-12-02 15:40:58', '2017-12-02 15:40:58'),
('owner', 253, 7, 2, 'Cum sociis natoque penatibus et magnis dis parturient montes, nascetur ridiculus mus. Vivamus vestibulum sagittis sapien. Cum sociis natoque penatibus et magnis dis parturient montes, nascetur ridiculus mus.', '2017-10-09 17:00:00', '2017-05-25 17:00:00'),
('owner', 254, 7, 5, 'Maecenas tristique, est et tempus semper, est quam pharetra magna, ac consequat metus sapien ut nunc. Vestibulum ante ipsum primis in faucibus orci luctus et ultrices posuere cubilia Curae; Mauris viverra diam vitae quam. Suspendisse potenti.', '2017-11-03 17:00:00', '2017-01-21 17:00:00'),
('owner', 255, 8, 5, 'Proin interdum mauris non ligula pellentesque ultrices. Phasellus id sapien in sapien iaculis congue. Vivamus metus arcu, adipiscing molestie, hendrerit at, vulputate vitae, nisl.', '2017-12-02 15:40:58', '2017-12-02 15:40:58'),
('diner', 256, 10, 3, 'Sed ante. Vivamus tortor. Duis mattis egestas metus.', '2017-12-02 15:40:24', '2017-12-02 15:40:24'),
('diner', 257, 6, 5, 'In hac habitasse platea dictumst. Morbi vestibulum, velit id pretium iaculis, diam erat fermentum justo, nec condimentum neque sapien placerat ante. Nulla justo.', '2017-12-02 15:40:24', '2017-12-02 15:40:24');
INSERT INTO `message` (`from_user`, `message_id`, `user_id`, `shop_id`, `message`, `created_date`, `updated_date`) VALUES
('owner', 258, 7, 1, 'Proin interdum mauris non ligula pellentesque ultrices. Phasellus id sapien in sapien iaculis congue. Vivamus metus arcu, adipiscing molestie, hendrerit at, vulputate vitae, nisl.', '2017-09-29 17:00:00', '2017-01-29 17:00:00'),
('owner', 259, 9, 1, 'In hac habitasse platea dictumst. Etiam faucibus cursus urna. Ut tellus.', '2016-12-03 17:00:00', '2017-11-13 17:00:00'),
('owner', 260, 9, 1, 'Proin eu mi. Nulla ac enim. In tempor, turpis nec euismod scelerisque, quam turpis adipiscing lorem, vitae mattis nibh ligula nec sem.', '2017-06-23 17:00:00', '2017-06-15 17:00:00'),
('diner', 261, 7, 5, 'Integer tincidunt ante vel ipsum. Praesent blandit lacinia erat. Vestibulum sed magna at nunc commodo placerat.', '2016-12-25 17:00:00', '2017-08-04 17:00:00'),
('diner', 262, 8, 2, 'Duis bibendum. Morbi non quam nec dui luctus rutrum. Nulla tellus.', '2017-12-02 15:40:24', '2017-12-02 15:40:24'),
('diner', 263, 7, 4, 'Morbi porttitor lorem id ligula. Suspendisse ornare consequat lectus. In est risus, auctor sed, tristique in, tempus sit amet, sem.', '2017-08-24 17:00:00', '2017-05-16 17:00:00'),
('diner', 264, 7, 3, 'Nullam sit amet turpis elementum ligula vehicula consequat. Morbi a ipsum. Integer a nibh.', '2017-01-14 17:00:00', '2016-11-29 17:00:00'),
('diner', 265, 8, 3, 'Maecenas ut massa quis augue luctus tincidunt. Nulla mollis molestie lorem. Quisque ut erat.', '2017-12-02 15:40:24', '2017-12-02 15:40:24'),
('diner', 266, 10, 4, 'Suspendisse potenti. In eleifend quam a odio. In hac habitasse platea dictumst.', '2017-12-02 15:40:24', '2017-12-02 15:40:24'),
('diner', 267, 10, 5, 'Nam ultrices, libero non mattis pulvinar, nulla pede ullamcorper augue, a suscipit nulla elit ac nulla. Sed vel enim sit amet nunc viverra dapibus. Nulla suscipit ligula in lacus.', '2017-12-02 15:40:24', '2017-12-02 15:40:24'),
('diner', 268, 7, 3, 'Aliquam quis turpis eget elit sodales scelerisque. Mauris sit amet eros. Suspendisse accumsan tortor quis turpis.', '2017-09-22 17:00:00', '2017-04-07 17:00:00'),
('diner', 269, 6, 4, 'Praesent blandit. Nam nulla. Integer pede justo, lacinia eget, tincidunt eget, tempus vel, pede.', '2017-12-02 15:40:24', '2017-12-02 15:40:24'),
('diner', 270, 10, 3, 'Morbi non lectus. Aliquam sit amet diam in magna bibendum imperdiet. Nullam orci pede, venenatis non, sodales sed, tincidunt eu, felis.', '2017-12-02 15:40:24', '2017-12-02 15:40:24'),
('diner', 271, 7, 4, 'Quisque porta volutpat erat. Quisque erat eros, viverra eget, congue eget, semper rutrum, nulla. Nunc purus.', '2017-10-21 17:00:00', '2017-05-02 17:00:00'),
('diner', 272, 10, 2, 'Cras mi pede, malesuada in, imperdiet et, commodo vulputate, justo. In blandit ultrices enim. Lorem ipsum dolor sit amet, consectetuer adipiscing elit.', '2017-12-02 15:40:24', '2017-12-02 15:40:24'),
('diner', 273, 9, 4, 'Etiam vel augue. Vestibulum rutrum rutrum neque. Aenean auctor gravida sem.', '2017-12-02 15:40:24', '2017-12-02 15:40:24'),
('diner', 274, 8, 3, 'In quis justo. Maecenas rhoncus aliquam lacus. Morbi quis tortor id nulla ultrices aliquet.', '2017-12-02 15:40:24', '2017-12-02 15:40:24'),
('owner', 275, 6, 1, 'In congue. Etiam justo. Etiam pretium iaculis justo.', '2017-01-03 17:00:00', '2017-04-28 17:00:00'),
('owner', 276, 6, 1, 'Integer ac leo. Pellentesque ultrices mattis odio. Donec vitae nisi.', '2017-09-19 17:00:00', '2017-01-14 17:00:00'),
('owner', 277, 8, 1, 'Sed ante. Vivamus tortor. Duis mattis egestas metus.', '2017-04-22 17:00:00', '2017-05-16 17:00:00'),
('owner', 278, 8, 1, 'In congue. Etiam justo. Etiam pretium iaculis justo.', '2017-07-08 17:00:00', '2017-11-04 17:00:00'),
('diner', 279, 8, 2, 'Aenean fermentum. Donec ut mauris eget massa tempor convallis. Nulla neque libero, convallis eget, eleifend luctus, ultricies eu, nibh.', '2017-12-02 15:40:24', '2017-12-02 15:40:24'),
('owner', 280, 8, 1, 'Phasellus sit amet erat. Nulla tempus. Vivamus in felis eu sapien cursus vestibulum.', '2017-07-02 17:00:00', '2017-04-08 17:00:00'),
('diner', 281, 8, 5, 'Curabitur in libero ut massa volutpat convallis. Morbi odio odio, elementum eu, interdum eu, tincidunt in, leo. Maecenas pulvinar lobortis est.', '2017-12-02 15:40:24', '2017-12-02 15:40:24'),
('diner', 282, 7, 3, 'Curabitur in libero ut massa volutpat convallis. Morbi odio odio, elementum eu, interdum eu, tincidunt in, leo. Maecenas pulvinar lobortis est.', '2017-05-08 17:00:00', '2017-04-18 17:00:00'),
('diner', 283, 6, 3, 'Integer tincidunt ante vel ipsum. Praesent blandit lacinia erat. Vestibulum sed magna at nunc commodo placerat.', '2017-12-02 15:40:24', '2017-12-02 15:40:24'),
('diner', 284, 10, 3, 'In quis justo. Maecenas rhoncus aliquam lacus. Morbi quis tortor id nulla ultrices aliquet.', '2017-12-02 15:40:58', '2017-12-02 15:40:58'),
('diner', 285, 6, 3, 'Curabitur in libero ut massa volutpat convallis. Morbi odio odio, elementum eu, interdum eu, tincidunt in, leo. Maecenas pulvinar lobortis est.', '2017-12-02 15:40:58', '2017-12-02 15:40:58'),
('diner', 286, 8, 5, 'In quis justo. Maecenas rhoncus aliquam lacus. Morbi quis tortor id nulla ultrices aliquet.', '2017-12-02 15:40:59', '2017-12-02 15:40:59'),
('owner', 287, 9, 1, 'Integer ac leo. Pellentesque ultrices mattis odio. Donec vitae nisi.', '2017-08-07 17:00:00', '2017-05-30 17:00:00'),
('diner', 288, 10, 3, 'In hac habitasse platea dictumst. Morbi vestibulum, velit id pretium iaculis, diam erat fermentum justo, nec condimentum neque sapien placerat ante. Nulla justo.', '2017-12-02 15:40:58', '2017-12-02 15:40:58'),
('owner', 289, 8, 1, 'Integer tincidunt ante vel ipsum. Praesent blandit lacinia erat. Vestibulum sed magna at nunc commodo placerat.', '2017-07-05 17:00:00', '2017-08-21 17:00:00'),
('diner', 290, 7, 2, 'Phasellus sit amet erat. Nulla tempus. Vivamus in felis eu sapien cursus vestibulum.', '2017-02-20 17:00:00', '2017-03-27 17:00:00'),
('owner', 291, 7, 1, 'Morbi non lectus. Aliquam sit amet diam in magna bibendum imperdiet. Nullam orci pede, venenatis non, sodales sed, tincidunt eu, felis.', '2017-10-11 17:00:00', '2017-05-06 17:00:00'),
('diner', 292, 9, 2, 'Pellentesque at nulla. Suspendisse potenti. Cras in purus eu magna vulputate luctus.', '2017-12-02 15:40:58', '2017-12-02 15:40:58'),
('diner', 293, 7, 5, 'Phasellus in felis. Donec semper sapien a libero. Nam dui.', '2017-02-22 17:00:00', '2017-05-07 17:00:00'),
('diner', 294, 7, 2, 'Maecenas ut massa quis augue luctus tincidunt. Nulla mollis molestie lorem. Quisque ut erat.', '2017-04-16 17:00:00', '2017-08-22 17:00:00'),
('diner', 295, 9, 4, 'Duis bibendum. Morbi non quam nec dui luctus rutrum. Nulla tellus.', '2017-12-02 15:40:58', '2017-12-02 15:40:58'),
('diner', 296, 10, 5, 'Aenean fermentum. Donec ut mauris eget massa tempor convallis. Nulla neque libero, convallis eget, eleifend luctus, ultricies eu, nibh.', '2017-12-02 15:40:58', '2017-12-02 15:40:58'),
('diner', 297, 7, 2, 'Sed sagittis. Nam congue, risus semper porta volutpat, quam pede lobortis ligula, sit amet eleifend pede libero quis orci. Nullam molestie nibh in lectus.', '2017-10-13 17:00:00', '2017-04-08 17:00:00'),
('owner', 298, 7, 1, 'Integer tincidunt ante vel ipsum. Praesent blandit lacinia erat. Vestibulum sed magna at nunc commodo placerat.', '2017-04-12 17:00:00', '2017-02-09 17:00:00'),
('diner', 299, 7, 4, 'Aenean fermentum. Donec ut mauris eget massa tempor convallis. Nulla neque libero, convallis eget, eleifend luctus, ultricies eu, nibh.', '2017-08-25 17:00:00', '2017-10-11 17:00:00'),
('owner', 300, 7, 1, 'Suspendisse potenti. In eleifend quam a odio. In hac habitasse platea dictumst.', '2017-05-19 17:00:00', '2016-12-10 17:00:00'),
('diner', 301, 10, 5, 'Praesent id massa id nisl venenatis lacinia. Aenean sit amet justo. Morbi ut odio.', '2017-12-02 15:40:58', '2017-12-02 15:40:58'),
('diner', 302, 8, 3, 'In sagittis dui vel nisl. Duis ac nibh. Fusce lacus purus, aliquet at, feugiat non, pretium quis, lectus.', '2017-12-02 15:40:58', '2017-12-02 15:40:58'),
('diner', 303, 8, 5, 'Cras non velit nec nisi vulputate nonummy. Maecenas tincidunt lacus at velit. Vivamus vel nulla eget eros elementum pellentesque.', '2017-12-02 15:40:58', '2017-12-02 15:40:58'),
('diner', 304, 7, 2, 'Curabitur in libero ut massa volutpat convallis. Morbi odio odio, elementum eu, interdum eu, tincidunt in, leo. Maecenas pulvinar lobortis est.', '2017-03-20 17:00:00', '2017-02-25 17:00:00'),
('diner', 305, 7, 3, 'Aliquam quis turpis eget elit sodales scelerisque. Mauris sit amet eros. Suspendisse accumsan tortor quis turpis.', '2017-10-15 17:00:00', '2017-08-14 17:00:00'),
('diner', 306, 8, 3, 'In hac habitasse platea dictumst. Etiam faucibus cursus urna. Ut tellus.', '2017-12-02 15:40:58', '2017-12-02 15:40:58'),
('diner', 307, 8, 3, 'Fusce posuere felis sed lacus. Morbi sem mauris, laoreet ut, rhoncus aliquet, pulvinar sed, nisl. Nunc rhoncus dui vel sem.', '2017-12-02 15:40:58', '2017-12-02 15:40:58'),
('diner', 308, 8, 5, 'Praesent blandit. Nam nulla. Integer pede justo, lacinia eget, tincidunt eget, tempus vel, pede.', '2017-12-02 15:40:58', '2017-12-02 15:40:58'),
('owner', 309, 7, 1, 'Nullam sit amet turpis elementum ligula vehicula consequat. Morbi a ipsum. Integer a nibh.', '2017-03-09 17:00:00', '2017-09-23 17:00:00'),
('owner', 310, 7, 1, 'Duis aliquam convallis nunc. Proin at turpis a pede posuere nonummy. Integer non velit.', '2017-07-26 17:00:00', '2017-04-04 17:00:00'),
('owner', 311, 9, 1, 'Duis bibendum. Morbi non quam nec dui luctus rutrum. Nulla tellus.', '2016-12-05 17:00:00', '2017-01-23 17:00:00'),
('diner', 312, 9, 3, 'Duis bibendum, felis sed interdum venenatis, turpis enim blandit mi, in porttitor pede justo eu massa. Donec dapibus. Duis at velit eu est congue elementum.', '2017-12-02 15:40:58', '2017-12-02 15:40:58'),
('diner', 313, 10, 2, 'Nullam porttitor lacus at turpis. Donec posuere metus vitae ipsum. Aliquam non mauris.', '2017-12-02 15:40:58', '2017-12-02 15:40:58'),
('diner', 314, 6, 2, 'Duis bibendum. Morbi non quam nec dui luctus rutrum. Nulla tellus.', '2017-12-02 15:40:58', '2017-12-02 15:40:58'),
('owner', 315, 10, 1, 'Phasellus sit amet erat. Nulla tempus. Vivamus in felis eu sapien cursus vestibulum.', '2016-12-26 17:00:00', '2017-03-04 17:00:00'),
('diner', 316, 8, 4, 'Praesent id massa id nisl venenatis lacinia. Aenean sit amet justo. Morbi ut odio.', '2017-12-02 15:40:58', '2017-12-02 15:40:58'),
('diner', 317, 6, 4, 'Lorem ipsum dolor sit amet, consectetuer adipiscing elit. Proin risus. Praesent lectus.', '2017-12-02 15:40:58', '2017-12-02 15:40:58'),
('owner', 318, 8, 1, 'Nam ultrices, libero non mattis pulvinar, nulla pede ullamcorper augue, a suscipit nulla elit ac nulla. Sed vel enim sit amet nunc viverra dapibus. Nulla suscipit ligula in lacus.', '2016-11-26 17:00:00', '2017-11-16 17:00:00'),
('diner', 319, 10, 3, 'Vestibulum ac est lacinia nisi venenatis tristique. Fusce congue, diam id ornare imperdiet, sapien urna pretium nisl, ut volutpat sapien arcu sed augue. Aliquam erat volutpat.', '2017-12-02 15:40:58', '2017-12-02 15:40:58'),
('diner', 320, 9, 4, 'Vestibulum quam sapien, varius ut, blandit non, interdum in, ante. Vestibulum ante ipsum primis in faucibus orci luctus et ultrices posuere cubilia Curae; Duis faucibus accumsan odio. Curabitur convallis.', '2017-12-02 15:40:58', '2017-12-02 15:40:58'),
('diner', 321, 6, 2, 'In hac habitasse platea dictumst. Etiam faucibus cursus urna. Ut tellus.', '2017-12-02 15:40:58', '2017-12-02 15:40:58'),
('owner', 322, 9, 4, 'Etiam vel augue. Vestibulum rutrum rutrum neque. Aenean auctor gravida sem.', '2017-12-02 15:40:59', '2017-12-02 15:40:59'),
('owner', 323, 6, 2, 'Praesent id massa id nisl venenatis lacinia. Aenean sit amet justo. Morbi ut odio.', '2017-12-02 15:40:59', '2017-12-02 15:40:59'),
('diner', 324, 7, 3, 'Duis bibendum. Morbi non quam nec dui luctus rutrum. Nulla tellus.', '2017-09-16 17:00:00', '2017-01-15 17:00:00'),
('owner', 325, 10, 3, 'Sed sagittis. Nam congue, risus semper porta volutpat, quam pede lobortis ligula, sit amet eleifend pede libero quis orci. Nullam molestie nibh in lectus.', '2017-12-02 15:40:59', '2017-12-02 15:40:59'),
('owner', 326, 10, 3, 'Maecenas tristique, est et tempus semper, est quam pharetra magna, ac consequat metus sapien ut nunc. Vestibulum ante ipsum primis in faucibus orci luctus et ultrices posuere cubilia Curae; Mauris viverra diam vitae quam. Suspendisse potenti.', '2017-12-02 15:40:59', '2017-12-02 15:40:59'),
('owner', 327, 10, 5, 'Aenean fermentum. Donec ut mauris eget massa tempor convallis. Nulla neque libero, convallis eget, eleifend luctus, ultricies eu, nibh.', '2017-12-02 15:40:59', '2017-12-02 15:40:59'),
('diner', 328, 7, 3, 'Quisque porta volutpat erat. Quisque erat eros, viverra eget, congue eget, semper rutrum, nulla. Nunc purus.', '2017-07-17 17:00:00', '2017-05-28 17:00:00'),
('diner', 329, 7, 3, 'Quisque porta volutpat erat. Quisque erat eros, viverra eget, congue eget, semper rutrum, nulla. Nunc purus.', '2017-09-22 17:00:00', '2017-10-03 17:00:00'),
('owner', 330, 6, 5, 'Fusce consequat. Nulla nisl. Nunc nisl.', '2017-12-02 15:40:59', '2017-12-02 15:40:59'),
('owner', 331, 6, 4, 'Duis consequat dui nec nisi volutpat eleifend. Donec ut dolor. Morbi vel lectus in quam fringilla rhoncus.', '2017-12-02 15:40:59', '2017-12-02 15:40:59'),
('owner', 332, 6, 1, 'Aenean fermentum. Donec ut mauris eget massa tempor convallis. Nulla neque libero, convallis eget, eleifend luctus, ultricies eu, nibh.', '2017-01-03 17:00:00', '2017-01-17 17:00:00'),
('owner', 333, 9, 5, 'Duis bibendum, felis sed interdum venenatis, turpis enim blandit mi, in porttitor pede justo eu massa. Donec dapibus. Duis at velit eu est congue elementum.', '2017-12-02 15:40:59', '2017-12-02 15:40:59'),
('diner', 334, 7, 4, 'Sed sagittis. Nam congue, risus semper porta volutpat, quam pede lobortis ligula, sit amet eleifend pede libero quis orci. Nullam molestie nibh in lectus.', '2017-03-12 17:00:00', '2017-10-09 17:00:00'),
('owner', 335, 10, 4, 'Fusce posuere felis sed lacus. Morbi sem mauris, laoreet ut, rhoncus aliquet, pulvinar sed, nisl. Nunc rhoncus dui vel sem.', '2017-12-02 15:40:59', '2017-12-02 15:40:59'),
('owner', 336, 8, 4, 'Cum sociis natoque penatibus et magnis dis parturient montes, nascetur ridiculus mus. Vivamus vestibulum sagittis sapien. Cum sociis natoque penatibus et magnis dis parturient montes, nascetur ridiculus mus.', '2017-12-02 15:40:59', '2017-12-02 15:40:59'),
('owner', 337, 9, 1, 'Pellentesque at nulla. Suspendisse potenti. Cras in purus eu magna vulputate luctus.', '2017-02-15 17:00:00', '2017-09-14 17:00:00'),
('owner', 338, 9, 2, 'Donec diam neque, vestibulum eget, vulputate ut, ultrices vel, augue. Vestibulum ante ipsum primis in faucibus orci luctus et ultrices posuere cubilia Curae; Donec pharetra, magna vestibulum aliquet ultrices, erat tortor sollicitudin mi, sit amet lobortis sapien sapien non mi. Integer ac neque.', '2017-12-02 15:40:59', '2017-12-02 15:40:59'),
('owner', 339, 6, 1, 'Fusce posuere felis sed lacus. Morbi sem mauris, laoreet ut, rhoncus aliquet, pulvinar sed, nisl. Nunc rhoncus dui vel sem.', '2017-04-06 17:00:00', '2017-10-01 17:00:00'),
('diner', 340, 7, 5, 'Maecenas ut massa quis augue luctus tincidunt. Nulla mollis molestie lorem. Quisque ut erat.', '2017-05-16 17:00:00', '2017-04-05 17:00:00'),
('diner', 341, 7, 4, 'Nulla ut erat id mauris vulputate elementum. Nullam varius. Nulla facilisi.', '2017-10-05 17:00:00', '2017-09-09 17:00:00'),
('owner', 342, 9, 5, 'Nullam porttitor lacus at turpis. Donec posuere metus vitae ipsum. Aliquam non mauris.', '2017-12-02 15:40:59', '2017-12-02 15:40:59'),
('owner', 343, 8, 2, 'Cum sociis natoque penatibus et magnis dis parturient montes, nascetur ridiculus mus. Vivamus vestibulum sagittis sapien. Cum sociis natoque penatibus et magnis dis parturient montes, nascetur ridiculus mus.', '2017-12-02 15:40:59', '2017-12-02 15:40:59'),
('owner', 344, 6, 1, 'Sed ante. Vivamus tortor. Duis mattis egestas metus.', '2016-12-20 17:00:00', '2017-01-18 17:00:00'),
('diner', 345, 7, 3, 'Pellentesque at nulla. Suspendisse potenti. Cras in purus eu magna vulputate luctus.', '2017-05-23 17:00:00', '2017-04-06 17:00:00'),
('owner', 346, 10, 4, 'Suspendisse potenti. In eleifend quam a odio. In hac habitasse platea dictumst.', '2017-12-02 15:40:59', '2017-12-02 15:40:59'),
('diner', 347, 7, 2, 'In hac habitasse platea dictumst. Morbi vestibulum, velit id pretium iaculis, diam erat fermentum justo, nec condimentum neque sapien placerat ante. Nulla justo.', '2017-06-06 17:00:00', '2017-04-15 17:00:00'),
('owner', 348, 10, 3, 'Curabitur at ipsum ac tellus semper interdum. Mauris ullamcorper purus sit amet nulla. Quisque arcu libero, rutrum ac, lobortis vel, dapibus at, diam.', '2017-12-02 15:40:59', '2017-12-02 15:40:59'),
('diner', 349, 7, 2, 'Quisque id justo sit amet sapien dignissim vestibulum. Vestibulum ante ipsum primis in faucibus orci luctus et ultrices posuere cubilia Curae; Nulla dapibus dolor vel est. Donec odio justo, sollicitudin ut, suscipit a, feugiat et, eros.', '2017-06-02 17:00:00', '2017-10-03 17:00:00'),
('owner', 350, 9, 5, 'Praesent id massa id nisl venenatis lacinia. Aenean sit amet justo. Morbi ut odio.', '2017-12-02 15:40:59', '2017-12-02 15:40:59'),
('owner', 351, 8, 4, 'Aliquam quis turpis eget elit sodales scelerisque. Mauris sit amet eros. Suspendisse accumsan tortor quis turpis.', '2017-12-02 15:40:59', '2017-12-02 15:40:59'),
('owner', 352, 9, 2, 'Maecenas tristique, est et tempus semper, est quam pharetra magna, ac consequat metus sapien ut nunc. Vestibulum ante ipsum primis in faucibus orci luctus et ultrices posuere cubilia Curae; Mauris viverra diam vitae quam. Suspendisse potenti.', '2017-12-02 15:40:59', '2017-12-02 15:40:59'),
('owner', 353, 8, 2, 'Praesent blandit. Nam nulla. Integer pede justo, lacinia eget, tincidunt eget, tempus vel, pede.', '2017-12-02 15:40:59', '2017-12-02 15:40:59'),
('owner', 354, 10, 4, 'Nullam sit amet turpis elementum ligula vehicula consequat. Morbi a ipsum. Integer a nibh.', '2017-12-02 15:40:59', '2017-12-02 15:40:59'),
('owner', 355, 9, 1, 'Morbi porttitor lorem id ligula. Suspendisse ornare consequat lectus. In est risus, auctor sed, tristique in, tempus sit amet, sem.', '2016-12-05 17:00:00', '2017-07-11 17:00:00'),
('owner', 356, 10, 1, 'Proin interdum mauris non ligula pellentesque ultrices. Phasellus id sapien in sapien iaculis congue. Vivamus metus arcu, adipiscing molestie, hendrerit at, vulputate vitae, nisl.', '2017-04-10 17:00:00', '2016-12-25 17:00:00'),
('owner', 357, 6, 1, 'Fusce posuere felis sed lacus. Morbi sem mauris, laoreet ut, rhoncus aliquet, pulvinar sed, nisl. Nunc rhoncus dui vel sem.', '2017-01-13 17:00:00', '2017-10-07 17:00:00'),
('owner', 358, 8, 5, 'In sagittis dui vel nisl. Duis ac nibh. Fusce lacus purus, aliquet at, feugiat non, pretium quis, lectus.', '2017-12-02 15:40:59', '2017-12-02 15:40:59'),
('owner', 359, 6, 3, 'Nulla ut erat id mauris vulputate elementum. Nullam varius. Nulla facilisi.', '2017-12-02 15:40:59', '2017-12-02 15:40:59'),
('owner', 360, 8, 4, 'Pellentesque at nulla. Suspendisse potenti. Cras in purus eu magna vulputate luctus.', '2017-12-02 15:40:59', '2017-12-02 15:40:59'),
('owner', 361, 8, 5, 'Etiam vel augue. Vestibulum rutrum rutrum neque. Aenean auctor gravida sem.', '2017-12-02 15:40:59', '2017-12-02 15:40:59'),
('owner', 362, 9, 2, 'Aenean fermentum. Donec ut mauris eget massa tempor convallis. Nulla neque libero, convallis eget, eleifend luctus, ultricies eu, nibh.', '2017-12-02 15:40:59', '2017-12-02 15:40:59'),
('diner', 363, 7, 5, 'Phasellus sit amet erat. Nulla tempus. Vivamus in felis eu sapien cursus vestibulum.', '2017-09-03 17:00:00', '2017-05-23 17:00:00'),
('owner', 364, 10, 4, 'Cum sociis natoque penatibus et magnis dis parturient montes, nascetur ridiculus mus. Vivamus vestibulum sagittis sapien. Cum sociis natoque penatibus et magnis dis parturient montes, nascetur ridiculus mus.', '2017-12-02 15:40:59', '2017-12-02 15:40:59'),
('owner', 365, 10, 2, 'Nullam sit amet turpis elementum ligula vehicula consequat. Morbi a ipsum. Integer a nibh.', '2017-12-02 15:40:59', '2017-12-02 15:40:59'),
('owner', 366, 8, 5, 'Curabitur in libero ut massa volutpat convallis. Morbi odio odio, elementum eu, interdum eu, tincidunt in, leo. Maecenas pulvinar lobortis est.', '2017-12-02 15:40:59', '2017-12-02 15:40:59'),
('owner', 367, 6, 2, 'Nam ultrices, libero non mattis pulvinar, nulla pede ullamcorper augue, a suscipit nulla elit ac nulla. Sed vel enim sit amet nunc viverra dapibus. Nulla suscipit ligula in lacus.', '2017-12-02 15:40:59', '2017-12-02 15:40:59'),
('owner', 368, 6, 2, 'In hac habitasse platea dictumst. Etiam faucibus cursus urna. Ut tellus.', '2017-12-02 15:40:59', '2017-12-02 15:40:59'),
('owner', 369, 6, 1, 'Quisque porta volutpat erat. Quisque erat eros, viverra eget, congue eget, semper rutrum, nulla. Nunc purus.', '2017-06-03 17:00:00', '2017-05-04 17:00:00'),
('owner', 370, 10, 2, 'In congue. Etiam justo. Etiam pretium iaculis justo.', '2017-12-02 15:40:59', '2017-12-02 15:40:59'),
('owner', 371, 9, 3, 'Proin eu mi. Nulla ac enim. In tempor, turpis nec euismod scelerisque, quam turpis adipiscing lorem, vitae mattis nibh ligula nec sem.', '2017-12-02 15:40:59', '2017-12-02 15:40:59'),
('diner', 372, 7, 3, 'Cras non velit nec nisi vulputate nonummy. Maecenas tincidunt lacus at velit. Vivamus vel nulla eget eros elementum pellentesque.', '2017-01-07 17:00:00', '2017-02-15 17:00:00'),
('owner', 373, 8, 4, 'In sagittis dui vel nisl. Duis ac nibh. Fusce lacus purus, aliquet at, feugiat non, pretium quis, lectus.', '2017-12-02 15:40:59', '2017-12-02 15:40:59'),
('owner', 374, 10, 5, 'Duis consequat dui nec nisi volutpat eleifend. Donec ut dolor. Morbi vel lectus in quam fringilla rhoncus.', '2017-12-02 15:40:59', '2017-12-02 15:40:59'),
('owner', 375, 10, 3, 'Maecenas tristique, est et tempus semper, est quam pharetra magna, ac consequat metus sapien ut nunc. Vestibulum ante ipsum primis in faucibus orci luctus et ultrices posuere cubilia Curae; Mauris viverra diam vitae quam. Suspendisse potenti.', '2017-12-02 15:40:59', '2017-12-02 15:40:59'),
('diner', 376, 7, 2, 'Fusce posuere felis sed lacus. Morbi sem mauris, laoreet ut, rhoncus aliquet, pulvinar sed, nisl. Nunc rhoncus dui vel sem.', '2017-06-06 17:00:00', '2017-02-24 17:00:00'),
('owner', 377, 8, 3, 'In quis justo. Maecenas rhoncus aliquam lacus. Morbi quis tortor id nulla ultrices aliquet.', '2017-12-02 15:40:59', '2017-12-02 15:40:59'),
('owner', 378, 7, 1, 'Cras non velit nec nisi vulputate nonummy. Maecenas tincidunt lacus at velit. Vivamus vel nulla eget eros elementum pellentesque.', '2017-07-30 17:00:00', '2017-06-21 17:00:00'),
('owner', 379, 8, 3, 'In hac habitasse platea dictumst. Morbi vestibulum, velit id pretium iaculis, diam erat fermentum justo, nec condimentum neque sapien placerat ante. Nulla justo.', '2017-12-02 15:40:59', '2017-12-02 15:40:59'),
('owner', 380, 10, 4, 'Cras mi pede, malesuada in, imperdiet et, commodo vulputate, justo. In blandit ultrices enim. Lorem ipsum dolor sit amet, consectetuer adipiscing elit.', '2017-12-02 15:40:59', '2017-12-02 15:40:59'),
('owner', 381, 6, 1, 'Aenean fermentum. Donec ut mauris eget massa tempor convallis. Nulla neque libero, convallis eget, eleifend luctus, ultricies eu, nibh.', '2017-05-27 17:00:00', '2017-05-17 17:00:00'),
('owner', 382, 10, 5, 'Aenean fermentum. Donec ut mauris eget massa tempor convallis. Nulla neque libero, convallis eget, eleifend luctus, ultricies eu, nibh.', '2017-12-02 15:40:59', '2017-12-02 15:40:59'),
('owner', 383, 9, 2, 'Phasellus sit amet erat. Nulla tempus. Vivamus in felis eu sapien cursus vestibulum.', '2017-12-02 15:40:59', '2017-12-02 15:40:59'),
('owner', 384, 8, 2, 'Duis bibendum. Morbi non quam nec dui luctus rutrum. Nulla tellus.', '2017-12-02 15:40:59', '2017-12-02 15:40:59'),
('owner', 385, 10, 3, 'Curabitur at ipsum ac tellus semper interdum. Mauris ullamcorper purus sit amet nulla. Quisque arcu libero, rutrum ac, lobortis vel, dapibus at, diam.', '2017-12-02 15:40:59', '2017-12-02 15:40:59'),
('owner', 386, 9, 3, 'In sagittis dui vel nisl. Duis ac nibh. Fusce lacus purus, aliquet at, feugiat non, pretium quis, lectus.', '2017-12-02 15:40:59', '2017-12-02 15:40:59'),
('owner', 387, 6, 5, 'Morbi non lectus. Aliquam sit amet diam in magna bibendum imperdiet. Nullam orci pede, venenatis non, sodales sed, tincidunt eu, felis.', '2017-12-02 15:40:59', '2017-12-02 15:40:59'),
('owner', 388, 6, 5, 'Phasellus sit amet erat. Nulla tempus. Vivamus in felis eu sapien cursus vestibulum.', '2017-12-02 15:40:59', '2017-12-02 15:40:59'),
('owner', 389, 10, 5, 'Proin eu mi. Nulla ac enim. In tempor, turpis nec euismod scelerisque, quam turpis adipiscing lorem, vitae mattis nibh ligula nec sem.', '2017-12-02 15:40:59', '2017-12-02 15:40:59'),
('owner', 390, 10, 5, 'Duis aliquam convallis nunc. Proin at turpis a pede posuere nonummy. Integer non velit.', '2017-12-02 15:40:59', '2017-12-02 15:40:59'),
('diner', 391, 7, 3, 'Nullam porttitor lacus at turpis. Donec posuere metus vitae ipsum. Aliquam non mauris.', '2017-08-14 17:00:00', '2017-07-18 17:00:00'),
('owner', 392, 9, 4, 'Etiam vel augue. Vestibulum rutrum rutrum neque. Aenean auctor gravida sem.', '2017-12-02 15:40:59', '2017-12-02 15:40:59'),
('diner', 393, 6, 1, 'Nam ultrices, libero non mattis pulvinar, nulla pede ullamcorper augue, a suscipit nulla elit ac nulla. Sed vel enim sit amet nunc viverra dapibus. Nulla suscipit ligula in lacus.', '2017-03-25 17:00:00', '2017-08-04 17:00:00'),
('diner', 394, 7, 2, 'Mauris enim leo, rhoncus sed, vestibulum sit amet, cursus id, turpis. Integer aliquet, massa id lobortis convallis, tortor risus dapibus augue, vel accumsan tellus nisi eu orci. Mauris lacinia sapien quis libero.', '2017-02-09 17:00:00', '2017-04-29 17:00:00'),
('owner', 395, 9, 3, 'Duis consequat dui nec nisi volutpat eleifend. Donec ut dolor. Morbi vel lectus in quam fringilla rhoncus.', '2017-12-02 15:40:59', '2017-12-02 15:40:59'),
('diner', 396, 7, 3, 'Fusce posuere felis sed lacus. Morbi sem mauris, laoreet ut, rhoncus aliquet, pulvinar sed, nisl. Nunc rhoncus dui vel sem.', '2016-12-03 17:00:00', '2017-06-13 17:00:00'),
('owner', 397, 6, 5, 'Morbi porttitor lorem id ligula. Suspendisse ornare consequat lectus. In est risus, auctor sed, tristique in, tempus sit amet, sem.', '2017-12-02 15:40:59', '2017-12-02 15:40:59'),
('diner', 398, 9, 1, 'Praesent blandit. Nam nulla. Integer pede justo, lacinia eget, tincidunt eget, tempus vel, pede.', '2017-07-26 17:00:00', '2017-01-14 17:00:00'),
('owner', 399, 10, 3, 'Maecenas ut massa quis augue luctus tincidunt. Nulla mollis molestie lorem. Quisque ut erat.', '2017-12-02 15:40:59', '2017-12-02 15:40:59'),
('owner', 400, 9, 2, 'Donec diam neque, vestibulum eget, vulputate ut, ultrices vel, augue. Vestibulum ante ipsum primis in faucibus orci luctus et ultrices posuere cubilia Curae; Donec pharetra, magna vestibulum aliquet ultrices, erat tortor sollicitudin mi, sit amet lobortis sapien sapien non mi. Integer ac neque.', '2017-12-02 15:40:59', '2017-12-02 15:40:59'),
('owner', 401, 6, 3, 'Proin leo odio, porttitor id, consequat in, consequat ut, nulla. Sed accumsan felis. Ut at dolor quis odio consequat varius.', '2017-12-02 15:40:59', '2017-12-02 15:40:59'),
('owner', 402, 6, 4, 'Suspendisse potenti. In eleifend quam a odio. In hac habitasse platea dictumst.', '2017-12-02 15:40:59', '2017-12-02 15:40:59'),
('owner', 403, 6, 2, 'Maecenas tristique, est et tempus semper, est quam pharetra magna, ac consequat metus sapien ut nunc. Vestibulum ante ipsum primis in faucibus orci luctus et ultrices posuere cubilia Curae; Mauris viverra diam vitae quam. Suspendisse potenti.', '2017-12-02 15:40:59', '2017-12-02 15:40:59'),
('owner', 404, 6, 3, 'Curabitur in libero ut massa volutpat convallis. Morbi odio odio, elementum eu, interdum eu, tincidunt in, leo. Maecenas pulvinar lobortis est.', '2017-12-02 15:40:59', '2017-12-02 15:40:59'),
('diner', 405, 7, 3, 'Duis bibendum, felis sed interdum venenatis, turpis enim blandit mi, in porttitor pede justo eu massa. Donec dapibus. Duis at velit eu est congue elementum.', '2017-06-11 17:00:00', '2017-10-31 17:00:00'),
('owner', 406, 6, 2, 'Cras mi pede, malesuada in, imperdiet et, commodo vulputate, justo. In blandit ultrices enim. Lorem ipsum dolor sit amet, consectetuer adipiscing elit.', '2017-12-02 15:40:59', '2017-12-02 15:40:59'),
('owner', 407, 8, 3, 'Duis consequat dui nec nisi volutpat eleifend. Donec ut dolor. Morbi vel lectus in quam fringilla rhoncus.', '2017-12-02 15:40:59', '2017-12-02 15:40:59'),
('owner', 408, 9, 2, 'Fusce consequat. Nulla nisl. Nunc nisl.', '2017-12-02 15:40:59', '2017-12-02 15:40:59'),
('owner', 409, 9, 2, 'In congue. Etiam justo. Etiam pretium iaculis justo.', '2017-12-02 15:40:59', '2017-12-02 15:40:59'),
('owner', 410, 9, 4, 'Cras non velit nec nisi vulputate nonummy. Maecenas tincidunt lacus at velit. Vivamus vel nulla eget eros elementum pellentesque.', '2017-12-02 15:40:59', '2017-12-02 15:40:59'),
('owner', 411, 6, 2, 'Nullam porttitor lacus at turpis. Donec posuere metus vitae ipsum. Aliquam non mauris.', '2017-12-02 15:40:59', '2017-12-02 15:40:59'),
('owner', 412, 10, 3, 'Vestibulum quam sapien, varius ut, blandit non, interdum in, ante. Vestibulum ante ipsum primis in faucibus orci luctus et ultrices posuere cubilia Curae; Duis faucibus accumsan odio. Curabitur convallis.', '2017-12-02 15:40:59', '2017-12-02 15:40:59'),
('diner', 413, 8, 1, 'Maecenas ut massa quis augue luctus tincidunt. Nulla mollis molestie lorem. Quisque ut erat.', '2017-06-10 17:00:00', '2017-06-02 17:00:00'),
('owner', 414, 10, 5, 'Curabitur gravida nisi at nibh. In hac habitasse platea dictumst. Aliquam augue quam, sollicitudin vitae, consectetuer eget, rutrum at, lorem.', '2017-12-02 15:40:59', '2017-12-02 15:40:59'),
('diner', 415, 8, 1, 'Integer tincidunt ante vel ipsum. Praesent blandit lacinia erat. Vestibulum sed magna at nunc commodo placerat.', '2017-01-15 17:00:00', '2017-10-27 17:00:00'),
('owner', 416, 8, 4, 'Phasellus in felis. Donec semper sapien a libero. Nam dui.', '2017-12-02 15:40:59', '2017-12-02 15:40:59'),
('owner', 417, 9, 2, 'Nam ultrices, libero non mattis pulvinar, nulla pede ullamcorper augue, a suscipit nulla elit ac nulla. Sed vel enim sit amet nunc viverra dapibus. Nulla suscipit ligula in lacus.', '2017-12-02 15:40:59', '2017-12-02 15:40:59'),
('owner', 418, 6, 3, 'Duis bibendum, felis sed interdum venenatis, turpis enim blandit mi, in porttitor pede justo eu massa. Donec dapibus. Duis at velit eu est congue elementum.', '2017-12-02 15:40:59', '2017-12-02 15:40:59'),
('owner', 419, 8, 2, 'Proin eu mi. Nulla ac enim. In tempor, turpis nec euismod scelerisque, quam turpis adipiscing lorem, vitae mattis nibh ligula nec sem.', '2017-12-02 15:40:59', '2017-12-02 15:40:59'),
('owner', 420, 6, 4, 'In quis justo. Maecenas rhoncus aliquam lacus. Morbi quis tortor id nulla ultrices aliquet.', '2017-12-02 15:40:59', '2017-12-02 15:40:59'),
('owner', 421, 6, 4, 'Duis consequat dui nec nisi volutpat eleifend. Donec ut dolor. Morbi vel lectus in quam fringilla rhoncus.', '2017-12-02 15:40:59', '2017-12-02 15:40:59'),
('owner', 422, 6, 3, 'Fusce consequat. Nulla nisl. Nunc nisl.', '2017-12-02 15:40:59', '2017-12-02 15:40:59'),
('owner', 423, 6, 3, 'Nulla ut erat id mauris vulputate elementum. Nullam varius. Nulla facilisi.', '2017-12-02 15:40:59', '2017-12-02 15:40:59'),
('diner', 424, 8, 1, 'Nullam porttitor lacus at turpis. Donec posuere metus vitae ipsum. Aliquam non mauris.', '2017-02-02 17:00:00', '2017-09-05 17:00:00'),
('diner', 425, 6, 1, 'Proin interdum mauris non ligula pellentesque ultrices. Phasellus id sapien in sapien iaculis congue. Vivamus metus arcu, adipiscing molestie, hendrerit at, vulputate vitae, nisl.', '2016-12-15 17:00:00', '2017-10-04 17:00:00'),
('owner', 426, 8, 3, 'Suspendisse potenti. In eleifend quam a odio. In hac habitasse platea dictumst.', '2017-12-02 15:40:59', '2017-12-02 15:40:59'),
('diner', 427, 7, 4, 'Integer tincidunt ante vel ipsum. Praesent blandit lacinia erat. Vestibulum sed magna at nunc commodo placerat.', '2017-02-15 17:00:00', '2017-09-09 17:00:00'),
('owner', 428, 6, 2, 'Phasellus in felis. Donec semper sapien a libero. Nam dui.', '2017-12-02 15:40:59', '2017-12-02 15:40:59'),
('owner', 429, 6, 5, 'Nulla ut erat id mauris vulputate elementum. Nullam varius. Nulla facilisi.', '2017-12-02 15:40:59', '2017-12-02 15:40:59'),
('owner', 430, 9, 3, 'Maecenas tristique, est et tempus semper, est quam pharetra magna, ac consequat metus sapien ut nunc. Vestibulum ante ipsum primis in faucibus orci luctus et ultrices posuere cubilia Curae; Mauris viverra diam vitae quam. Suspendisse potenti.', '2017-12-02 15:40:59', '2017-12-02 15:40:59'),
('owner', 431, 10, 2, 'Quisque id justo sit amet sapien dignissim vestibulum. Vestibulum ante ipsum primis in faucibus orci luctus et ultrices posuere cubilia Curae; Nulla dapibus dolor vel est. Donec odio justo, sollicitudin ut, suscipit a, feugiat et, eros.', '2017-12-02 15:40:59', '2017-12-02 15:40:59'),
('owner', 432, 8, 5, 'Integer tincidunt ante vel ipsum. Praesent blandit lacinia erat. Vestibulum sed magna at nunc commodo placerat.', '2017-12-02 15:40:59', '2017-12-02 15:40:59'),
('owner', 433, 6, 2, 'Morbi porttitor lorem id ligula. Suspendisse ornare consequat lectus. In est risus, auctor sed, tristique in, tempus sit amet, sem.', '2017-12-02 15:40:59', '2017-12-02 15:40:59'),
('owner', 434, 10, 3, 'Nullam porttitor lacus at turpis. Donec posuere metus vitae ipsum. Aliquam non mauris.', '2017-12-02 15:40:59', '2017-12-02 15:40:59'),
('owner', 435, 6, 5, 'Duis consequat dui nec nisi volutpat eleifend. Donec ut dolor. Morbi vel lectus in quam fringilla rhoncus.', '2017-12-02 15:40:59', '2017-12-02 15:40:59'),
('diner', 436, 10, 1, 'Praesent blandit. Nam nulla. Integer pede justo, lacinia eget, tincidunt eget, tempus vel, pede.', '2017-08-08 17:00:00', '2017-03-05 17:00:00'),
('diner', 437, 7, 5, 'Curabitur gravida nisi at nibh. In hac habitasse platea dictumst. Aliquam augue quam, sollicitudin vitae, consectetuer eget, rutrum at, lorem.', '2017-05-24 17:00:00', '2017-11-09 17:00:00'),
('owner', 438, 9, 2, 'Morbi non lectus. Aliquam sit amet diam in magna bibendum imperdiet. Nullam orci pede, venenatis non, sodales sed, tincidunt eu, felis.', '2017-12-02 15:40:59', '2017-12-02 15:40:59'),
('diner', 439, 6, 1, 'Nullam porttitor lacus at turpis. Donec posuere metus vitae ipsum. Aliquam non mauris.', '2017-06-28 17:00:00', '2017-10-14 17:00:00'),
('owner', 440, 10, 2, 'Lorem ipsum dolor sit amet, consectetuer adipiscing elit. Proin risus. Praesent lectus.', '2017-12-02 15:40:59', '2017-12-02 15:40:59'),
('owner', 441, 8, 5, 'In congue. Etiam justo. Etiam pretium iaculis justo.', '2017-12-02 15:40:59', '2017-12-02 15:40:59'),
('owner', 442, 8, 3, 'Nulla ut erat id mauris vulputate elementum. Nullam varius. Nulla facilisi.', '2017-12-02 15:40:59', '2017-12-02 15:40:59'),
('diner', 443, 7, 1, 'Sed sagittis. Nam congue, risus semper porta volutpat, quam pede lobortis ligula, sit amet eleifend pede libero quis orci. Nullam molestie nibh in lectus.', '2017-02-09 17:00:00', '2017-09-13 17:00:00'),
('diner', 444, 7, 4, 'In sagittis dui vel nisl. Duis ac nibh. Fusce lacus purus, aliquet at, feugiat non, pretium quis, lectus.', '2017-11-11 17:00:00', '2017-03-13 17:00:00'),
('owner', 445, 6, 3, 'Integer ac leo. Pellentesque ultrices mattis odio. Donec vitae nisi.', '2017-12-02 15:40:59', '2017-12-02 15:40:59'),
('diner', 446, 8, 1, 'Proin eu mi. Nulla ac enim. In tempor, turpis nec euismod scelerisque, quam turpis adipiscing lorem, vitae mattis nibh ligula nec sem.', '2017-06-04 17:00:00', '2017-08-11 17:00:00'),
('owner', 447, 6, 5, 'Etiam vel augue. Vestibulum rutrum rutrum neque. Aenean auctor gravida sem.', '2017-12-02 15:40:59', '2017-12-02 15:40:59'),
('owner', 448, 10, 3, 'Phasellus in felis. Donec semper sapien a libero. Nam dui.', '2017-12-02 15:40:58', '2017-12-02 15:40:58'),
('diner', 449, 9, 1, 'Quisque porta volutpat erat. Quisque erat eros, viverra eget, congue eget, semper rutrum, nulla. Nunc purus.', '2017-07-10 17:00:00', '2017-08-15 17:00:00'),
('diner', 450, 6, 1, 'Cum sociis natoque penatibus et magnis dis parturient montes, nascetur ridiculus mus. Vivamus vestibulum sagittis sapien. Cum sociis natoque penatibus et magnis dis parturient montes, nascetur ridiculus mus.', '2017-09-24 17:00:00', '2016-12-14 17:00:00'),
('diner', 451, 10, 1, 'Maecenas tristique, est et tempus semper, est quam pharetra magna, ac consequat metus sapien ut nunc. Vestibulum ante ipsum primis in faucibus orci luctus et ultrices posuere cubilia Curae; Mauris viverra diam vitae quam. Suspendisse potenti.', '2017-07-13 17:00:00', '2017-05-07 17:00:00'),
('owner', 452, 10, 3, 'In hac habitasse platea dictumst. Etiam faucibus cursus urna. Ut tellus.', '2017-12-02 15:40:58', '2017-12-02 15:40:58'),
('owner', 453, 10, 2, 'Vestibulum ac est lacinia nisi venenatis tristique. Fusce congue, diam id ornare imperdiet, sapien urna pretium nisl, ut volutpat sapien arcu sed augue. Aliquam erat volutpat.', '2017-12-02 15:40:58', '2017-12-02 15:40:58'),
('owner', 454, 8, 3, 'In congue. Etiam justo. Etiam pretium iaculis justo.', '2017-12-02 15:40:58', '2017-12-02 15:40:58'),
('diner', 455, 7, 1, 'Etiam vel augue. Vestibulum rutrum rutrum neque. Aenean auctor gravida sem.', '2017-04-16 17:00:00', '2017-07-05 17:00:00'),
('diner', 456, 7, 4, 'In congue. Etiam justo. Etiam pretium iaculis justo.', '2017-09-21 17:00:00', '2017-06-25 17:00:00'),
('diner', 457, 8, 1, 'Phasellus in felis. Donec semper sapien a libero. Nam dui.', '2017-01-18 17:00:00', '2017-03-07 17:00:00'),
('owner', 458, 6, 2, 'Duis aliquam convallis nunc. Proin at turpis a pede posuere nonummy. Integer non velit.', '2017-12-02 15:40:58', '2017-12-02 15:40:58'),
('owner', 459, 10, 4, 'Mauris enim leo, rhoncus sed, vestibulum sit amet, cursus id, turpis. Integer aliquet, massa id lobortis convallis, tortor risus dapibus augue, vel accumsan tellus nisi eu orci. Mauris lacinia sapien quis libero.', '2017-12-02 15:40:58', '2017-12-02 15:40:58'),
('diner', 460, 6, 1, 'Curabitur at ipsum ac tellus semper interdum. Mauris ullamcorper purus sit amet nulla. Quisque arcu libero, rutrum ac, lobortis vel, dapibus at, diam.', '2017-07-31 17:00:00', '2017-10-10 17:00:00'),
('owner', 461, 10, 2, 'Duis bibendum, felis sed interdum venenatis, turpis enim blandit mi, in porttitor pede justo eu massa. Donec dapibus. Duis at velit eu est congue elementum.', '2017-12-02 15:40:58', '2017-12-02 15:40:58'),
('owner', 462, 8, 2, 'Nullam sit amet turpis elementum ligula vehicula consequat. Morbi a ipsum. Integer a nibh.', '2017-12-02 15:40:58', '2017-12-02 15:40:58'),
('owner', 463, 6, 5, 'Phasellus sit amet erat. Nulla tempus. Vivamus in felis eu sapien cursus vestibulum.', '2017-12-02 15:40:58', '2017-12-02 15:40:58'),
('diner', 464, 7, 5, 'Praesent id massa id nisl venenatis lacinia. Aenean sit amet justo. Morbi ut odio.', '2017-11-19 17:00:00', '2017-09-01 17:00:00'),
('owner', 465, 6, 3, 'In hac habitasse platea dictumst. Etiam faucibus cursus urna. Ut tellus.', '2017-12-02 15:40:58', '2017-12-02 15:40:58'),
('owner', 466, 10, 4, 'Aliquam quis turpis eget elit sodales scelerisque. Mauris sit amet eros. Suspendisse accumsan tortor quis turpis.', '2017-12-02 15:40:58', '2017-12-02 15:40:58'),
('owner', 467, 9, 3, 'Aenean lectus. Pellentesque eget nunc. Donec quis orci eget orci vehicula condimentum.', '2017-12-02 15:40:58', '2017-12-02 15:40:58'),
('owner', 468, 10, 3, 'Aenean lectus. Pellentesque eget nunc. Donec quis orci eget orci vehicula condimentum.', '2017-12-02 15:40:58', '2017-12-02 15:40:58'),
('owner', 469, 7, 2, 'Curabitur gravida nisi at nibh. In hac habitasse platea dictumst. Aliquam augue quam, sollicitudin vitae, consectetuer eget, rutrum at, lorem.', '2017-01-07 17:00:00', '2017-07-20 17:00:00'),
('owner', 470, 6, 2, 'Mauris enim leo, rhoncus sed, vestibulum sit amet, cursus id, turpis. Integer aliquet, massa id lobortis convallis, tortor risus dapibus augue, vel accumsan tellus nisi eu orci. Mauris lacinia sapien quis libero.', '2017-12-02 15:40:58', '2017-12-02 15:40:58'),
('owner', 471, 10, 2, 'Quisque porta volutpat erat. Quisque erat eros, viverra eget, congue eget, semper rutrum, nulla. Nunc purus.', '2017-12-02 15:40:58', '2017-12-02 15:40:58'),
('diner', 472, 6, 1, 'Nam ultrices, libero non mattis pulvinar, nulla pede ullamcorper augue, a suscipit nulla elit ac nulla. Sed vel enim sit amet nunc viverra dapibus. Nulla suscipit ligula in lacus.', '2017-08-18 17:00:00', '2017-01-08 17:00:00'),
('owner', 473, 6, 4, 'Curabitur at ipsum ac tellus semper interdum. Mauris ullamcorper purus sit amet nulla. Quisque arcu libero, rutrum ac, lobortis vel, dapibus at, diam.', '2017-12-02 15:40:58', '2017-12-02 15:40:58'),
('owner', 474, 7, 4, 'Duis bibendum. Morbi non quam nec dui luctus rutrum. Nulla tellus.', '2017-08-19 17:00:00', '2017-05-25 17:00:00'),
('owner', 475, 9, 3, 'Pellentesque at nulla. Suspendisse potenti. Cras in purus eu magna vulputate luctus.', '2017-12-02 15:40:58', '2017-12-02 15:40:58'),
('owner', 476, 10, 2, 'Aenean lectus. Pellentesque eget nunc. Donec quis orci eget orci vehicula condimentum.', '2017-12-02 15:40:58', '2017-12-02 15:40:58'),
('diner', 477, 10, 1, 'Maecenas ut massa quis augue luctus tincidunt. Nulla mollis molestie lorem. Quisque ut erat.', '2017-09-14 17:00:00', '2017-04-04 17:00:00'),
('owner', 478, 8, 3, 'Aenean lectus. Pellentesque eget nunc. Donec quis orci eget orci vehicula condimentum.', '2017-12-02 15:40:58', '2017-12-02 15:40:58'),
('owner', 479, 7, 5, 'Duis aliquam convallis nunc. Proin at turpis a pede posuere nonummy. Integer non velit.', '2017-11-06 17:00:00', '2017-08-30 17:00:00'),
('owner', 480, 10, 3, 'Duis bibendum. Morbi non quam nec dui luctus rutrum. Nulla tellus.', '2017-12-02 15:40:58', '2017-12-02 15:40:58'),
('owner', 481, 9, 4, 'Integer tincidunt ante vel ipsum. Praesent blandit lacinia erat. Vestibulum sed magna at nunc commodo placerat.', '2017-12-02 15:40:58', '2017-12-02 15:40:58'),
('owner', 482, 10, 5, 'Cras mi pede, malesuada in, imperdiet et, commodo vulputate, justo. In blandit ultrices enim. Lorem ipsum dolor sit amet, consectetuer adipiscing elit.', '2017-12-02 15:40:58', '2017-12-02 15:40:58'),
('owner', 483, 7, 3, 'Duis consequat dui nec nisi volutpat eleifend. Donec ut dolor. Morbi vel lectus in quam fringilla rhoncus.', '2016-12-13 17:00:00', '2017-10-07 17:00:00'),
('owner', 484, 9, 2, 'Sed ante. Vivamus tortor. Duis mattis egestas metus.', '2017-12-02 15:40:58', '2017-12-02 15:40:58'),
('owner', 485, 9, 4, 'Aliquam quis turpis eget elit sodales scelerisque. Mauris sit amet eros. Suspendisse accumsan tortor quis turpis.', '2017-12-02 15:40:58', '2017-12-02 15:40:58'),
('owner', 486, 10, 3, 'Nam ultrices, libero non mattis pulvinar, nulla pede ullamcorper augue, a suscipit nulla elit ac nulla. Sed vel enim sit amet nunc viverra dapibus. Nulla suscipit ligula in lacus.', '2017-12-02 15:40:58', '2017-12-02 15:40:58'),
('owner', 487, 9, 4, 'Proin eu mi. Nulla ac enim. In tempor, turpis nec euismod scelerisque, quam turpis adipiscing lorem, vitae mattis nibh ligula nec sem.', '2017-12-02 15:40:58', '2017-12-02 15:40:58'),
('owner', 488, 6, 3, 'Vestibulum ac est lacinia nisi venenatis tristique. Fusce congue, diam id ornare imperdiet, sapien urna pretium nisl, ut volutpat sapien arcu sed augue. Aliquam erat volutpat.', '2017-12-02 15:40:59', '2017-12-02 15:40:59'),
('owner', 489, 8, 4, 'Vestibulum quam sapien, varius ut, blandit non, interdum in, ante. Vestibulum ante ipsum primis in faucibus orci luctus et ultrices posuere cubilia Curae; Duis faucibus accumsan odio. Curabitur convallis.', '2017-12-02 15:40:59', '2017-12-02 15:40:59'),
('owner', 490, 6, 2, 'Morbi non lectus. Aliquam sit amet diam in magna bibendum imperdiet. Nullam orci pede, venenatis non, sodales sed, tincidunt eu, felis.', '2017-12-02 15:40:58', '2017-12-02 15:40:58'),
('owner', 491, 9, 2, 'In quis justo. Maecenas rhoncus aliquam lacus. Morbi quis tortor id nulla ultrices aliquet.', '2017-12-02 15:40:58', '2017-12-02 15:40:58'),
('owner', 492, 6, 3, 'Morbi non lectus. Aliquam sit amet diam in magna bibendum imperdiet. Nullam orci pede, venenatis non, sodales sed, tincidunt eu, felis.', '2017-12-02 15:40:59', '2017-12-02 15:40:59'),
('owner', 493, 7, 3, 'Praesent id massa id nisl venenatis lacinia. Aenean sit amet justo. Morbi ut odio.', '2016-12-01 17:00:00', '2017-06-30 17:00:00'),
('owner', 494, 7, 1, 'Quisque id justo sit amet sapien dignissim vestibulum. Vestibulum ante ipsum primis in faucibus orci luctus et ultrices posuere cubilia Curae; Nulla dapibus dolor vel est. Donec odio justo, sollicitudin ut, suscipit a, feugiat et, eros.', '2017-09-07 17:00:00', '2016-11-28 17:00:00'),
('owner', 495, 10, 2, 'Vestibulum ac est lacinia nisi venenatis tristique. Fusce congue, diam id ornare imperdiet, sapien urna pretium nisl, ut volutpat sapien arcu sed augue. Aliquam erat volutpat.', '2017-12-02 15:40:59', '2017-12-02 15:40:59'),
('owner', 496, 8, 3, 'Fusce consequat. Nulla nisl. Nunc nisl.', '2017-12-02 15:40:59', '2017-12-02 15:40:59'),
('diner', 497, 8, 1, 'In hac habitasse platea dictumst. Morbi vestibulum, velit id pretium iaculis, diam erat fermentum justo, nec condimentum neque sapien placerat ante. Nulla justo.', '2016-12-20 17:00:00', '2017-07-14 17:00:00'),
('owner', 498, 8, 4, 'Morbi non lectus. Aliquam sit amet diam in magna bibendum imperdiet. Nullam orci pede, venenatis non, sodales sed, tincidunt eu, felis.', '2017-12-02 15:40:59', '2017-12-02 15:40:59'),
('owner', 499, 8, 3, 'Duis consequat dui nec nisi volutpat eleifend. Donec ut dolor. Morbi vel lectus in quam fringilla rhoncus.', '2017-12-02 15:40:59', '2017-12-02 15:40:59'),
('owner', 500, 10, 3, 'Aenean lectus. Pellentesque eget nunc. Donec quis orci eget orci vehicula condimentum.', '2017-12-02 15:40:59', '2017-12-02 15:40:59'),
('diner', 501, 1, 1, 'Hi', '2017-11-26 17:00:00', '2017-11-26 17:00:00'),
('owner', 502, 1, 1, 'Hey', '2017-11-26 17:00:00', '2017-11-26 17:00:00'),
('owner', 503, 1, 1, 'Hey', '2017-11-26 17:00:00', '2017-11-26 17:00:00'),
('owner', 504, 1, 1, 'sdfsdf', '2017-11-26 17:00:00', '2017-11-26 17:00:00'),
('owner', 505, 1, 1, '', '2017-11-26 17:00:00', '2017-11-26 17:00:00'),
('owner', 506, 1, 1, 'dfsdf', '2017-11-26 17:00:00', '2017-11-26 17:00:00'),
('owner', 507, 1, 1, 'dfsdf', '2017-11-26 17:00:00', '2017-11-26 17:00:00'),
('owner', 508, 1, 1, 'dfsdf', '2017-11-26 17:00:00', '2017-11-26 17:00:00'),
('owner', 509, 1, 1, 'dfsdf', '2017-11-26 17:00:00', '2017-11-26 17:00:00'),
('owner', 510, 1, 1, 'dfsdf', '2017-11-26 17:00:00', '2017-11-26 17:00:00'),
('owner', 511, 1, 1, 'dfsdf', '2017-11-26 17:00:00', '2017-11-26 17:00:00'),
('owner', 512, 1, 1, 'dfsdf', '2017-11-26 17:00:00', '2017-11-26 17:00:00'),
('owner', 513, 1, 1, 'dfsdf', '2017-11-26 17:00:00', '2017-11-26 17:00:00'),
('owner', 514, 1, 1, 'dfsdf', '2017-11-26 17:00:00', '2017-11-26 17:00:00'),
('owner', 515, 6, 1, 'Hi', '2017-11-26 17:00:00', '2017-11-26 17:00:00'),
('owner', 516, 6, 1, 'Hi', '2017-11-26 17:00:00', '2017-11-26 17:00:00'),
('owner', 517, 6, 1, 'Fuck you', '2017-11-26 17:00:00', '2017-11-26 17:00:00'),
('owner', 518, 6, 1, 'Fuck you', '2017-11-26 17:00:00', '2017-11-26 17:00:00'),
('owner', 519, 6, 1, 'Fuck you', '2017-11-26 17:00:00', '2017-11-26 17:00:00'),
('owner', 520, 6, 1, 'Fuck you', '2017-11-26 17:00:00', '2017-11-26 17:00:00'),
('owner', 521, 8, 1, 'Hi', '2017-11-26 17:00:00', '2017-11-26 17:00:00'),
('owner', 522, 8, 1, 'James', '2017-11-26 17:00:00', '2017-11-26 17:00:00'),
('owner', 523, 8, 1, 'James', '2017-11-26 17:00:00', '2017-11-26 17:00:00'),
('owner', 524, 8, 1, 'Hi', '2017-11-26 17:00:00', '2017-11-26 17:00:00'),
('owner', 525, 8, 1, 'What the heck', '2017-11-26 17:00:00', '2017-11-26 17:00:00'),
('owner', 526, 8, 1, 'What the heck', '2017-11-26 17:00:00', '2017-11-26 17:00:00'),
('owner', 527, 8, 1, 'What the heck', '2017-11-26 17:00:00', '2017-11-26 17:00:00'),
('owner', 528, 8, 1, 'What the heck', '2017-11-26 17:00:00', '2017-11-26 17:00:00'),
('owner', 529, 1, 1, 'Hi', '2017-11-26 17:00:00', '2017-11-26 17:00:00'),
('owner', 530, 1, 1, 'Fuck', '2017-11-26 17:00:00', '2017-11-26 17:00:00'),
('owner', 531, 1, 1, 'Fuck', '2017-11-26 17:00:00', '2017-11-26 17:00:00'),
('diner', 532, 7, 2, '', '2017-11-26 17:00:00', '2017-11-26 17:00:00'),
('diner', 533, 7, 2, '', '2017-11-26 17:00:00', '2017-11-26 17:00:00'),
('diner', 534, 7, 2, '', '2017-11-26 17:00:00', '2017-11-26 17:00:00'),
('owner', 535, 1, 1, 'Hi', '2017-12-01 17:00:00', '2017-12-01 17:00:00'),
('owner', 536, 1, 1, 'Hi', '2017-12-01 17:00:00', '2017-12-01 17:00:00'),
('owner', 537, 1, 1, 'Hello', '0000-00-00 00:00:00', '0000-00-00 00:00:00'),
('owner', 538, 1, 1, 'Hello', '0000-00-00 00:00:00', '0000-00-00 00:00:00'),
('owner', 539, 1, 1, 'Hello', '2017-12-01 17:00:00', '2017-12-01 17:00:00'),
('owner', 540, 1, 1, 'Hello', '2017-12-01 17:00:00', '2017-12-01 17:00:00'),
('owner', 541, 1, 1, 'Hello', '2017-12-01 17:00:00', '2017-12-01 17:00:00'),
('owner', 542, 1, 1, 'Hi', '2017-12-02 15:42:09', '2017-12-02 15:42:09'),
('owner', 543, 1, 1, 'Hi', '2017-12-02 15:42:11', '2017-12-02 15:42:11'),
('owner', 544, 1, 1, 'How are you doing', '2017-12-02 15:42:24', '2017-12-02 15:42:24');

-- --------------------------------------------------------

--
-- Table structure for table `ordermenu`
--

CREATE TABLE `ordermenu` (
  `order_id` int(11) NOT NULL,
  `menu_id` int(11) NOT NULL,
  `amount` int(11) NOT NULL DEFAULT '1'
) ENGINE=InnoDB DEFAULT CHARSET=utf8;

--
-- Dumping data for table `ordermenu`
--

INSERT INTO `ordermenu` (`order_id`, `menu_id`, `amount`) VALUES
(125, 23, 1),
(126, 1, 1),
(127, 1, 1),
(128, 2, 1),
(128, 15, 1),
(129, 39, 1),
(130, 48, 1);

-- --------------------------------------------------------

--
-- Table structure for table `orders`
--

CREATE TABLE `orders` (
  `order_id` int(11) NOT NULL,
  `user_id` int(11) NOT NULL,
  `shop_id` int(11) NOT NULL,
  `shipping_address` int(11) NOT NULL,
  `billing_address` int(11) NOT NULL,
  `payment_method` varchar(10) NOT NULL,
  `order_status` varchar(10) NOT NULL,
  `promo_code` varchar(10) DEFAULT NULL,
  `total` int(11) NOT NULL,
  `comments` text,
  `created_date` timestamp NOT NULL DEFAULT CURRENT_TIMESTAMP ON UPDATE CURRENT_TIMESTAMP,
  `updated_date` timestamp NOT NULL DEFAULT '0000-00-00 00:00:00'
) ENGINE=InnoDB DEFAULT CHARSET=utf8;

--
-- Dumping data for table `orders`
--

INSERT INTO `orders` (`order_id`, `user_id`, `shop_id`, `shipping_address`, `billing_address`, `payment_method`, `order_status`, `promo_code`, `total`, `comments`, `created_date`, `updated_date`) VALUES
(125, 10, 4, 10, 10, 'visa', 'paid', NULL, 33, NULL, '2017-12-15 08:12:46', '0000-00-00 00:00:00'),
(126, 10, 5, 10, 10, 'visa', 'paid', NULL, 300, NULL, '2017-12-15 08:12:46', '0000-00-00 00:00:00'),
(127, 10, 5, 10, 10, 'visa', 'paid', NULL, 300, NULL, '2017-12-15 08:14:45', '0000-00-00 00:00:00'),
(128, 10, 1, 10, 10, 'visa', 'paid', NULL, 743, NULL, '2017-12-15 09:45:48', '0000-00-00 00:00:00'),
(129, 10, 1, 10, 10, 'cash', 'paid', NULL, 26, NULL, '2017-12-15 09:49:34', '0000-00-00 00:00:00'),
(130, 10, 1, 10, 10, 'visa', 'delivered', NULL, 118, NULL, '2017-12-15 10:14:19', '0000-00-00 00:00:00');

-- --------------------------------------------------------

--
-- Table structure for table `profile`
--

CREATE TABLE `profile` (
  `user_id` int(11) NOT NULL,
  `profile_id` int(11) NOT NULL,
  `profile_type` varchar(10) NOT NULL,
  `profile_name` varchar(30) NOT NULL,
  `profile_phone` varchar(20) NOT NULL,
  `created` date NOT NULL,
  `updated` date NOT NULL
) ENGINE=InnoDB DEFAULT CHARSET=utf8;

--
-- Dumping data for table `profile`
--

INSERT INTO `profile` (`user_id`, `profile_id`, `profile_type`, `profile_name`, `profile_phone`, `created`, `updated`) VALUES
(1, 1, 'owner', 'Gardiner Warwick', '475-861-8868', '2017-05-01', '2017-10-13'),
(2, 2, 'owner', 'Darryl Muriel', '942-139-4268', '2017-11-09', '2017-07-24'),
(3, 3, 'owner', 'Dyann Wright', '618-308-3688', '2017-03-21', '2017-01-17'),
(4, 4, 'owner', 'Tamarah Kubera', '306-987-9567', '2017-03-14', '2017-02-06'),
(5, 5, 'owner', 'Penn Boxell', '756-688-3514', '2017-03-28', '2017-01-04'),
(6, 6, 'diner', 'Ulrich Tommasuzzi', '965-500-2684', '2017-06-23', '2017-01-13'),
(7, 7, 'diner', 'Diandra Grimsley', '542-887-5082', '2017-08-28', '2017-06-24'),
(8, 8, 'diner', 'Carr Cragell', '435-103-5749', '2017-09-29', '2016-11-28'),
(9, 9, 'diner', 'Gilberta Dowyer', '244-888-7772', '2017-03-22', '2017-11-14'),
(10, 10, 'diner', 'Guido Lade', '960-657-1821', '2017-04-05', '2017-09-28');

-- --------------------------------------------------------

--
-- Table structure for table `promotion`
--

CREATE TABLE `promotion` (
  `promo_id` int(11) NOT NULL,
  `shop_id` int(11) NOT NULL,
  `code` varchar(5) NOT NULL,
  `detail` text NOT NULL,
  `discount` int(11) NOT NULL,
  `expired_date` date NOT NULL,
  `created_date` date NOT NULL,
  `updated_date` date NOT NULL
) ENGINE=InnoDB DEFAULT CHARSET=utf8;

-- --------------------------------------------------------

--
-- Table structure for table `review`
--

CREATE TABLE `review` (
  `review_id` int(11) NOT NULL,
  `menu_id` int(11) NOT NULL,
  `user_id` int(11) NOT NULL,
  `comment` text NOT NULL,
  `updated_date` date NOT NULL,
  `created_date` date NOT NULL
) ENGINE=InnoDB DEFAULT CHARSET=utf8;

-- --------------------------------------------------------

--
-- Table structure for table `shop`
--

CREATE TABLE `shop` (
  `shop_id` int(11) NOT NULL,
  `name` varchar(50) NOT NULL,
  `feature_pic` text NOT NULL,
  `description` text NOT NULL,
  `created_date` date NOT NULL,
  `updated_date` date NOT NULL,
  `profile_id` int(11) NOT NULL
) ENGINE=InnoDB DEFAULT CHARSET=utf8;

--
-- Dumping data for table `shop`
--

INSERT INTO `shop` (`shop_id`, `name`, `feature_pic`, `description`, `created_date`, `updated_date`, `profile_id`) VALUES
(1, 'Twitternation', 'uploads/shop/php3hYwVP', 'Lorem Ipsum is simply dummy text of the printing and typesetting industry.', '2017-02-26', '2017-02-13', 1),
(2, 'Tagcat', 'uploads/shop/php3hYwVP', 'Lorem Ipsum is simply dummy text of the printing and typesetting industry.', '2017-11-24', '2017-08-23', 2),
(3, 'Kwilith', 'uploads/shop/php3hYwVP', 'Lorem Ipsum is simply dummy text of the printing and typesetting industry.', '2017-10-28', '2017-09-05', 3),
(4, 'Zoomcast', 'uploads/shop/php3hYwVP', 'Lorem Ipsum is simply dummy text of the printing and typesetting industry.', '2017-09-05', '2017-09-13', 4),
(5, 'Voolith', 'uploads/shop/php3hYwVP', 'Lorem Ipsum is simply dummy text of the printing and typesetting industry.', '2016-12-23', '2017-09-14', 5);

-- --------------------------------------------------------

--
-- Stand-in structure for view `showorderedmenus`
-- (See below for the actual view)
--
CREATE TABLE `showorderedmenus` (
`shop_id` int(11)
,`menu_id` int(11)
,`title` text
,`pic` text
,`amount_of_ordered` decimal(32,0)
);

-- --------------------------------------------------------

--
-- Stand-in structure for view `showorderedsummary`
-- (See below for the actual view)
--
CREATE TABLE `showorderedsummary` (
`count` bigint(21)
,`status` varchar(10)
,`shop_id` int(11)
);

-- --------------------------------------------------------

--
-- Table structure for table `user`
--

CREATE TABLE `user` (
  `user_id` int(11) NOT NULL,
  `user_email` varchar(50) NOT NULL,
  `user_password` varchar(256) NOT NULL,
  `created` date NOT NULL,
  `updated` date NOT NULL
) ENGINE=InnoDB DEFAULT CHARSET=utf8;

--
-- Dumping data for table `user`
--

INSERT INTO `user` (`user_id`, `user_email`, `user_password`, `created`, `updated`) VALUES
(1, 'amanhood0@over-blog.com', 'kTTlxaq', '2016-11-27', '2017-03-24'),
(2, 'lmil1@123-reg.co.uk', 'OkijOuP0p04e', '2017-10-23', '2017-05-02'),
(3, 'pthresh2@elegantthemes.com', 'u25uKguOP', '2016-12-07', '2017-05-26'),
(4, 'racaster3@timesonline.co.uk', 'ZP3SJVJT', '2017-08-13', '2017-08-20'),
(5, 'gyackiminie4@howstuffworks.com', 'sTOGASa', '2017-03-05', '2017-10-04'),
(6, 'fsmitheman0@de.vu', 'KgGTYWaie3F', '2017-01-17', '2017-02-01'),
(7, 'khotton1@trellian.com', 'KIey9pQwHDj', '2017-08-08', '2017-04-13'),
(8, 'jmeddings2@hp.com', 'AXz7Nkw9', '2017-07-07', '2016-11-27'),
(9, 'emaymand3@wisc.edu', 'idw7d12w', '2017-11-18', '2017-03-29'),
(10, 'wmelpuss4@clickbank.net', 'pZoPUA', '2017-08-31', '2016-12-29');

-- --------------------------------------------------------

--
-- Structure for view `showorderedmenus`
--
DROP TABLE IF EXISTS `showorderedmenus`;

CREATE ALGORITHM=UNDEFINED DEFINER=`root`@`localhost` SQL SECURITY DEFINER VIEW `showorderedmenus`  AS  select `m`.`shop_id` AS `shop_id`,`m`.`menu_id` AS `menu_id`,`m`.`title` AS `title`,`m`.`pic` AS `pic`,sum(`o`.`amount`) AS `amount_of_ordered` from (`ordermenu` `o` left join `menu` `m` on((`o`.`menu_id` = `m`.`menu_id`))) group by `m`.`menu_id` order by `amount_of_ordered` desc ;

-- --------------------------------------------------------

--
-- Structure for view `showorderedsummary`
--
DROP TABLE IF EXISTS `showorderedsummary`;

CREATE ALGORITHM=UNDEFINED DEFINER=`root`@`localhost` SQL SECURITY DEFINER VIEW `showorderedsummary`  AS  select count(`orders`.`order_status`) AS `count`,'status' AS `status`,`orders`.`shop_id` AS `shop_id` from `orders` group by `orders`.`order_status`,`orders`.`shop_id` union select count(`orders`.`order_status`) AS `count`,`orders`.`order_status` AS `order_status`,`orders`.`shop_id` AS `shop_id` from `orders` group by `orders`.`order_status`,`orders`.`shop_id` ;

--
-- Indexes for dumped tables
--

--
-- Indexes for table `address`
--
ALTER TABLE `address`
  ADD PRIMARY KEY (`address_id`),
  ADD KEY `profile_id` (`profile_id`);

--
-- Indexes for table `cart`
--
ALTER TABLE `cart`
  ADD UNIQUE KEY `cart_id` (`cart_id`),
  ADD KEY `user_id` (`user_id`),
  ADD KEY `shop_id` (`shop_id`),
  ADD KEY `menu_id` (`menu_id`);

--
-- Indexes for table `category`
--
ALTER TABLE `category`
  ADD PRIMARY KEY (`category_id`);

--
-- Indexes for table `menu`
--
ALTER TABLE `menu`
  ADD PRIMARY KEY (`menu_id`),
  ADD KEY `category_id` (`category_id`),
  ADD KEY `shop_id` (`shop_id`);

--
-- Indexes for table `message`
--
ALTER TABLE `message`
  ADD PRIMARY KEY (`message_id`),
  ADD KEY `user_id` (`user_id`),
  ADD KEY `shop_id` (`shop_id`);

--
-- Indexes for table `ordermenu`
--
ALTER TABLE `ordermenu`
  ADD KEY `menu_id` (`menu_id`),
  ADD KEY `order_id` (`order_id`);

--
-- Indexes for table `orders`
--
ALTER TABLE `orders`
  ADD PRIMARY KEY (`order_id`),
  ADD KEY `user_id` (`user_id`),
  ADD KEY `shop_id` (`shop_id`),
  ADD KEY `shipping_address` (`shipping_address`),
  ADD KEY `billing_address` (`billing_address`);

--
-- Indexes for table `profile`
--
ALTER TABLE `profile`
  ADD PRIMARY KEY (`profile_id`),
  ADD KEY `user_id` (`user_id`);

--
-- Indexes for table `promotion`
--
ALTER TABLE `promotion`
  ADD PRIMARY KEY (`promo_id`),
  ADD KEY `shop_id` (`shop_id`);

--
-- Indexes for table `review`
--
ALTER TABLE `review`
  ADD PRIMARY KEY (`review_id`),
  ADD KEY `menu_id` (`menu_id`),
  ADD KEY `user_id` (`user_id`);

--
-- Indexes for table `shop`
--
ALTER TABLE `shop`
  ADD PRIMARY KEY (`shop_id`),
  ADD KEY `shop_ibfk_1` (`profile_id`);

--
-- Indexes for table `user`
--
ALTER TABLE `user`
  ADD PRIMARY KEY (`user_id`),
  ADD UNIQUE KEY `user_email` (`user_email`);

--
-- AUTO_INCREMENT for dumped tables
--

--
-- AUTO_INCREMENT for table `address`
--
ALTER TABLE `address`
  MODIFY `address_id` int(11) NOT NULL AUTO_INCREMENT, AUTO_INCREMENT=11;
--
-- AUTO_INCREMENT for table `cart`
--
ALTER TABLE `cart`
  MODIFY `cart_id` int(10) UNSIGNED NOT NULL AUTO_INCREMENT, AUTO_INCREMENT=34;
--
-- AUTO_INCREMENT for table `category`
--
ALTER TABLE `category`
  MODIFY `category_id` int(11) NOT NULL AUTO_INCREMENT, AUTO_INCREMENT=7;
--
-- AUTO_INCREMENT for table `menu`
--
ALTER TABLE `menu`
  MODIFY `menu_id` int(11) NOT NULL AUTO_INCREMENT, AUTO_INCREMENT=51;
--
-- AUTO_INCREMENT for table `message`
--
ALTER TABLE `message`
  MODIFY `message_id` int(11) NOT NULL AUTO_INCREMENT, AUTO_INCREMENT=545;
--
-- AUTO_INCREMENT for table `orders`
--
ALTER TABLE `orders`
  MODIFY `order_id` int(11) NOT NULL AUTO_INCREMENT, AUTO_INCREMENT=131;
--
-- AUTO_INCREMENT for table `profile`
--
ALTER TABLE `profile`
  MODIFY `profile_id` int(11) NOT NULL AUTO_INCREMENT, AUTO_INCREMENT=11;
--
-- AUTO_INCREMENT for table `promotion`
--
ALTER TABLE `promotion`
  MODIFY `promo_id` int(11) NOT NULL AUTO_INCREMENT;
--
-- AUTO_INCREMENT for table `review`
--
ALTER TABLE `review`
  MODIFY `review_id` int(11) NOT NULL AUTO_INCREMENT;
--
-- AUTO_INCREMENT for table `shop`
--
ALTER TABLE `shop`
  MODIFY `shop_id` int(11) NOT NULL AUTO_INCREMENT, AUTO_INCREMENT=6;
--
-- AUTO_INCREMENT for table `user`
--
ALTER TABLE `user`
  MODIFY `user_id` int(11) NOT NULL AUTO_INCREMENT, AUTO_INCREMENT=11;
--
-- Constraints for dumped tables
--

--
-- Constraints for table `address`
--
ALTER TABLE `address`
  ADD CONSTRAINT `address_ibfk_1` FOREIGN KEY (`profile_id`) REFERENCES `profile` (`profile_id`);

--
-- Constraints for table `cart`
--
ALTER TABLE `cart`
  ADD CONSTRAINT `cart_ibfk_1` FOREIGN KEY (`user_id`) REFERENCES `user` (`user_id`),
  ADD CONSTRAINT `cart_ibfk_2` FOREIGN KEY (`shop_id`) REFERENCES `shop` (`shop_id`),
  ADD CONSTRAINT `cart_ibfk_3` FOREIGN KEY (`menu_id`) REFERENCES `menu` (`menu_id`);

--
-- Constraints for table `menu`
--
ALTER TABLE `menu`
  ADD CONSTRAINT `menu_ibfk_1` FOREIGN KEY (`category_id`) REFERENCES `category` (`category_id`),
  ADD CONSTRAINT `menu_ibfk_2` FOREIGN KEY (`shop_id`) REFERENCES `shop` (`shop_id`);

--
-- Constraints for table `message`
--
ALTER TABLE `message`
  ADD CONSTRAINT `message_ibfk_1` FOREIGN KEY (`user_id`) REFERENCES `user` (`user_id`),
  ADD CONSTRAINT `message_ibfk_2` FOREIGN KEY (`shop_id`) REFERENCES `shop` (`shop_id`);

--
-- Constraints for table `ordermenu`
--
ALTER TABLE `ordermenu`
  ADD CONSTRAINT `ordermenu_ibfk_1` FOREIGN KEY (`menu_id`) REFERENCES `menu` (`menu_id`) ON DELETE CASCADE,
  ADD CONSTRAINT `ordermenu_ibfk_2` FOREIGN KEY (`order_id`) REFERENCES `orders` (`order_id`) ON DELETE CASCADE;

--
-- Constraints for table `orders`
--
ALTER TABLE `orders`
  ADD CONSTRAINT `orders_ibfk_1` FOREIGN KEY (`user_id`) REFERENCES `user` (`user_id`),
  ADD CONSTRAINT `orders_ibfk_2` FOREIGN KEY (`shop_id`) REFERENCES `shop` (`shop_id`),
  ADD CONSTRAINT `orders_ibfk_3` FOREIGN KEY (`shipping_address`) REFERENCES `address` (`address_id`),
  ADD CONSTRAINT `orders_ibfk_4` FOREIGN KEY (`billing_address`) REFERENCES `address` (`address_id`);

--
-- Constraints for table `profile`
--
ALTER TABLE `profile`
  ADD CONSTRAINT `profile_ibfk_1` FOREIGN KEY (`user_id`) REFERENCES `user` (`user_id`) ON DELETE CASCADE;

--
-- Constraints for table `promotion`
--
ALTER TABLE `promotion`
  ADD CONSTRAINT `promotion_ibfk_1` FOREIGN KEY (`shop_id`) REFERENCES `shop` (`shop_id`);

--
-- Constraints for table `review`
--
ALTER TABLE `review`
  ADD CONSTRAINT `review_ibfk_1` FOREIGN KEY (`menu_id`) REFERENCES `menu` (`menu_id`),
  ADD CONSTRAINT `review_ibfk_2` FOREIGN KEY (`user_id`) REFERENCES `user` (`user_id`);

--
-- Constraints for table `shop`
--
ALTER TABLE `shop`
  ADD CONSTRAINT `shop_ibfk_1` FOREIGN KEY (`profile_id`) REFERENCES `profile` (`profile_id`);

/*!40101 SET CHARACTER_SET_CLIENT=@OLD_CHARACTER_SET_CLIENT */;
/*!40101 SET CHARACTER_SET_RESULTS=@OLD_CHARACTER_SET_RESULTS */;
/*!40101 SET COLLATION_CONNECTION=@OLD_COLLATION_CONNECTION */;
